id,context,question,A,B,C,D,answer
0,【民航局向亿航智能无人驾驶航空器EH216-S颁发型号合格证】财联社10月13日电，中国民用航空局向亿航智能设备（广州）有限公司颁发EH216-S型无人驾驶航空器系统型号合格证（简称TC），这标志着EH216-S的型号设计符合民航局适航要求，具备载人运营的安全能力。,亿航智能无人驾驶航空器EH216-S的型号设计是否符合民航局适航要求？,是的，EH216-S的型号设计符合民航局适航要求,不是的，EH216-S的型号设计不符合民航局适航要求,没有提及EH216-S的型号设计是否符合民航局适航要求,EH216-S的型号设计通过了民航局的适航要求但没有获得型号合格证,A
1,【LME基本金属价格全线收跌】财联社 7月18日电，LME基本金属价格全线收跌，LME期铜收跌182美元，报8491美元/吨；LME期铝收跌22美元，报2255美元/吨；LME期锌收跌29美元，报2410美元/吨；LME期铅收跌23美元，报2100美元/吨；LME期镍收跌576美元，报21054美元/吨；LME期锡收跌180美元，报28363美元/吨。,关于LME基本金属价格的陈述，以下哪个选项是正确的？,LME基本金属价格全线上涨,LME期铝收跌22美元，报2255美元/吨,LME期锌收涨29美元，报2410美元/吨,LME期锡收涨180美元，报28363美元/吨,B
2,【国内商品期货收盘碳酸锂涨超5%】财联社10月13日电，国内商品期货收盘，涨多跌少。碳酸锂涨超5%，红枣涨超4%，菜籽油涨逾3%，棕榈油、尿素等涨超2%，NR、纯碱等涨逾1%，甲醇、PVC等小幅上涨；工业硅跌超1%，焦炭、沪铜等小幅下跌。,以下哪种商品期货涨幅最高？,菜籽油,棕榈油,碳酸锂,NR,C
3,【*ST天山：无未披露的重大事项】财联社10月15日电，*ST天山披露股票交易异常波动公告，经核实，除公司已于2023年10月10日发布的关于控制权拟发生变更事项外，不存在处于筹划阶段的其他重大事项。,根据*ST天山的公告，以下哪项说法是正确的？,*ST天山将控制权发生变更,*ST天山不存在重大事项,*ST天山的股票交易没有异常波动,*ST天山将有重大事项发生,B
4,【丽珠集团：获得艾拉戈利钠片药物临床试验批准通知书】财联社10月13日电，丽珠集团公告，公司全资子公司丽珠集团丽珠制药厂收到国家药品监督管理局核准签发的《药物临床试验批准通知书》，批准艾拉戈利钠片开展“评价艾拉戈利钠片治疗子宫内膜异位症中度至重度疼痛患者的疗效、安全性的多中心、随机、双盲、安慰剂平行对照期临床试验”。,丽珠集团获得的临床试验批准通知书是关于哪种药物的？,乙酰氨基酚片,氨酚那敏片,艾拉戈利钠片,阿司匹林片,C
5,【首批载有约旦援加沙医疗物资的飞机起飞】财联社10月12日电，载有首批约旦援助加沙地带医疗物资的飞机从约旦安曼机场起飞。这批救援物资包括医疗用品和药品，在飞抵埃及后，将在埃及方面的协调下，通过拉法口岸运送至加沙地带的医疗部门手中。,首批援助加沙地带的医疗物资是通过哪个口岸运送的？,拉法口岸,约旦安曼机场,加沙地带的医疗部门,埃及,A
6,【主力资金监控：长安汽车净买入超7亿元】财联社10月12日电，财联社星矿数据显示，今日早盘主力资金净流入交运设备、汽车整车、有色金属等板块，净流出计算机、电子、国防军工等板块，其中计算机板块净流出超18亿元。个股方面，长安汽车大涨，主力资金净买入7.42亿元，四川长虹、中公教育、安妮股份获主力资金净流入居前；华力创通遭净卖出超7亿元，张江高科、常山北明、科大讯飞主力资金净流出额居前。,以下哪个个股主力资金净买入金额最高？,长安汽车,四川长虹,中公教育,安妮股份,A
7,【电气线束固定不当梅赛德斯-奔驰在美召回5326辆汽车】财联社10月12日电，据美国国家公路交通安全管理局披露，梅赛德斯-奔驰美国公司将召回部分2022-2023年款AMGSL55和AMGSL63汽车，共计5326辆。召回原因为：起动机和交流发电机的电气线束可能未正确固定，从而可能导致短路和驱动力丧失，或导致线束过热。经销商将免费固定起动机和交流发电机的线束。,梅赛德斯-奔驰召回的原因是什么？,发动机故障,刹车系统问题,电气线束固定不当,安全气囊故障,C
8,【热门中概股普跌京东跌超8%】财联社10月13日电，热门中概股普跌，京东跌超8%，蔚来、微博跌超5%，爱奇艺、哔哩哔哩、唯品会、百度、小鹏汽车跌超4%，富途控股、阿里巴巴跌超3%，理想汽车跌超2%，网易、腾讯音乐跌超1%。,以下哪只股票跌幅最大？,京东,蔚来,微博,百度,A
9,【国家电投海阳核电4号机组FCD】财联社 4月22日电，国家电力投资集团有限公司发布消息， 4月22日，经国家核安全局核准，国家电投海阳核电4号机组浇筑核岛第一罐混凝土（FCD），标志着海阳核电二期工程实现重要里程碑节点，开启核电建设重大项目全新阶段。,国家电投海阳核电4号机组浇筑核岛第一罐混凝土的意义是什么？,标志着海阳核电二期工程已经完工,标志着海阳核电二期工程进入新的建设阶段,标志着国家电投成为核电建设领域的领头企业,标志着核电行业即将迎来巨大的发展机遇,B
10,【星星科技：有加工昆仑玻璃技术】财联社9月21日电，星星科技在互动平台表示，公司主要从事视窗防护屏、触控显示模组及精密结构件零部件业务与电动两轮车成品业务，公司有加工昆仑玻璃技术，目前部分零部件产品与华为有合作，但合作暂未涉及华为今年发布的新品项目。,星星科技的主要业务领域是以下哪个？,视窗防护屏、触控显示模组及精密结构件零部件业务与电动两轮车成品业务,加工昆仑玻璃技术,与华为合作新品项目,并没有提及公司的主要业务领域,A
11,财联社7月18日电，有投资者问，公司中报业绩，不管从哪个条件来看，应该都达到预报条件了吧？为什么没有预披露业绩？这算是违规了吧？全志科技在互动平台表示，公司将按照相关法律、法规及规范性文件根据《深圳证券交易所创业板股票上市规则》等有关规定，创业板上市公司半年度业绩预告不做强制性披露要求。,全志科技是否违规未预披露中报业绩？,是的，违规了,不是，符合相关规定,不论是否符合规定，都应该预披露,不论是否违规，都不需要预披露,B
12,财联社7月4日电，有投资者问，请问，公司的产品是否可延伸用于外卖或预制菜食品包装行业？万凯新材在互动平台表示，公司产品可广泛用于包括软饮料、乳制品、酒类、食用油、调味品、日化、电子产品、医疗医药、现场制作饮品、生鲜果蔬等多种领域，也有下游客户将公司产品应用到外卖或预制菜食品的情况。,万凯新材的产品是否可延伸用于外卖或预制菜食品包装行业？,可以，公司产品已经成功应用于外卖或预制菜食品行业,不可以，公司产品只适用于软饮料、乳制品、酒类等领域,可能可以，但是公司并没有明确提到是否已经成功应用于这两个行业,不确定，文中并没有提到公司产品是否适用于这两个行业,C
13,财联社6月8日电，有投资者问，2023“你好玄界”主题展览将在张家口、秦皇岛等地与观众相遇，感谢贵司的奋力拼搏默默耕耘！请问，其中脑机互动功能是不是意味着贵司已完全掌握脑机技术？开始赚钱啦？华如科技在互动平台表示，公司在脑机方面的应用目前主要涉及文化展览领域，使用市场成熟的脑机交互产品，实现交互控制多形式的艺术创作。在脑机智能方面暂无相关技术储备。,华如科技是否已完全掌握脑机技术？,是的，华如科技已完全掌握脑机技术,不是，华如科技在脑机方面的应用主要涉及文化展览领域,是的，华如科技已经开始在脑机智能方面进行相关技术储备,不是，华如科技目前还没有使用市场成熟的脑机交互产品,B
14,【依米康：公司在数据中心能源领域是华为生态合作伙伴之一】财联社10月13日电，依米康在互动平台表示，公司液冷项目目前正常推进中。华为一直是公司重要客户，公司在数据中心能源领域是华为生态合作伙伴之一。目前在液冷方面，公司暂未与华为合作。,依米康目前在液冷方面是否与华为合作？,是的，公司已与华为合作,是的，公司计划与华为合作,不是的，公司没有与华为合作,不是的，公司目前正在与华为合作,C
15,2023年10月12日，财联社电，工商银行控股股东中央汇金投资有限责任公司发布增持方案。中央汇金投资有限责任公司拟于未来7月内本次增持计划未设定价格区间，中央汇金投资有限责任公司将根据二级市场股价波动，逐步实施增持计划。,中央汇金投资有限责任公司的增持计划是根据二级市场股价波动来实施的吗？,是的，在未来7个月内，中央汇金投资有限责任公司将根据股价波动逐步实施增持计划。,不是的，中央汇金投资有限责任公司已经确定了价格区间，并将在未来7个月内按照该价格区间实施增持计划。,是的，中央汇金投资有限责任公司将根据公司的盈利状况逐步实施增持计划。,不是的，中央汇金投资有限责任公司并没有发布任何增持计划。,A
16,【安硕信息：公司目前主营业务不涉及互联网金融概念】财联社8月16日电，安硕信息披露关于股票交易异常波动的公告，公司已于2021年12月15日清算注销了西昌安硕易民互联网金融服务股份有限公司，公司参股公司江西联合互联网金融信息服务有限公司已无实际业务，公司目前主营业务不涉及互联网金融概念。,安硕信息目前主营业务是否涉及互联网金融概念？,是,否,无法确定,不在资讯内容中提及,B
17,【上交所发布2023年重阳节期间沪港通下港股通交易日安排】财联社10月12日电，上交所公告，将2023年重阳节期间沪港通下港股通交易日安排通知如下，一、10月23日（星期一）不提供港股通服务，10月24日（星期二）起照常开通港股通服务。二、港股通交易的清算交收事宜，根据中国证券登记结算有限责任公司的安排进行。,2023年重阳节期间，上交所是否提供港股通服务？,是,否,无法确定,不在资讯内容中提及,B
18,【扬子新材：公司不直接从事注射笔业务】财联社10月12日电，扬子新材发布股票交易异动公告，近日投资者在公司互动易平台上对苏州翰尔西医疗器械开发有限公司（简称“翰尔西”）及其产品注射笔有较多关注，公司也于互动易平台上及时回复了投资者对上述事项的提问；公司不直接从事注射笔业务。,扬子新材是否直接从事注射笔业务?,是,否,无法确定,不在资讯内容中提及,B
19,【约旦国王与美国国务卿举行会谈】财联社10月13日电，约旦国王阿卜杜拉二世在约旦首都安曼与到访的美国国务卿布林肯举行会谈。阿卜杜拉二世强调了为加沙地带开放紧急人道主义走廊运送医疗和救援物资的必要性，并强调应尽快阻止巴以冲突升级，以及保护平民免受波及的重要性。当天，约旦副首相兼外交与侨务大臣萨法迪也会见了布林肯，双方讨论了阻止巴以冲突升级以及向加沙地带提供人道主义援助的必要性。,关于约旦国王与美国国务卿会谈的描述，以下哪项是正确的？,阿卜杜拉二世强调了加沙地带需要紧急人道主义援助。,布林肯强调了加沙地带需要紧急人道主义援助。,阿卜杜拉二世强调了加沙地带需要紧急军事援助。,布林肯强调了加沙地带需要紧急军事援助。,A
20,【山西证券：向专业投资者公开发行次级公司债券获证监会同意注册批复】财联社10月12日电，山西证券公告，公司于2023年10月12日收到中国证券监督管理委员会出具的《关于同意山西证券股份有限公司向专业投资者公开发行次级公司债券注册的批复》，批复同意公司向专业投资者公开发行面值总额不超过40亿元次级公司债券的注册申请。批复自同意注册之日起24个月内有效，公司在注册有效期内可以分期发行次级公司债券。,山西证券的次级公司债券发行获得了谁的批复?,中国证券监督管理委员会,山西证券股份有限公司,专业投资者,财联社,A
21,"""【ChatGPT概念股继续活跃 初灵信息（300250.SZ）涨超17%】财联社 2月2日电，初灵信息涨超17%， 慧博云通（301316.SZ）胀超10%， 汉王科技（002362.SZ）4连板， 彩讯股份（300634.SZ）、 荣信文化（301231.SZ）、 云从科技（688327.SH）、 科大讯飞（002230.SZ）、 科大国创（300520.SZ）等跟涨。""",以下哪只股票涨幅最高？,初灵信息,慧博云通,汉王科技,彩讯股份,A
22,【郑商所发布短纤、纯碱、锰硅、硅铁、尿素及苹果期权合约的公告】财联社10月13日电，《郑州商品交易所涤纶短纤期权合约》《郑州商品交易所纯碱期权合约》《郑州商品交易所锰硅期权合约》《郑州商品交易所硅铁期权合约》《郑州商品交易所尿素期权合约》《郑州商品交易所鲜苹果期权合约》已经郑州商品交易所第八届理事会第四次会议审议通过，现予发布，自2023年10月20日起施行。,以下哪个是郑商所发布的期权合约之一？,大豆期权合约,棉花期权合约,纯碱期权合约,菜籽油期权合约,C
23,【朝媒谴责美航母驶入朝鲜半岛水域】财联社10月13日电，朝中社13日发表题为《美国应负责核战略资产部署所产生的后果》的评论员文章。文章强烈谴责美军“罗纳德里根”号航母等美国舰船12日进入釜山港。文章称，美国将核动力航母战斗群派到朝鲜半岛水域表明了美国对朝核攻击的企图和实行进入了最为严重阶段，核战争爆发逐渐成为现实。朝方早已阐明与之相应的行动选择和应对方向。,根据朝中社的评论员文章，以下哪个选项是正确的?,美国派遣航母战斗群到朝鲜半岛水域的目的是进行核攻击。,美国舰船12日进入釜山港是为了维护地区的安全稳定。,朝方已经做好了与核战争爆发相关的行动准备。,朝中社对美军舰船进入釜山港表示欢迎。,A
24,【伊朗外长会见叙利亚总统及外长】财联社10月14日电，据叙利亚官方通讯社报道。当地时间13日，伊朗外长阿卜杜拉希扬抵达叙利亚首都大马士革，会见了叙利亚总统巴沙尔。双方强调支持巴勒斯坦人民的合法权利。当天伊朗外长阿卜杜拉希扬还会见了叙利亚外长梅克达德并举行了联合记者会，记者会上双方表达了对巴勒斯坦人民的支持。,伊朗外长阿卜杜拉希扬会见叙利亚总统及外长的目的是什么？,讨论叙利亚内战问题,商讨双方经济合作,强调支持巴勒斯坦人民的权利,筹划对美国的军事行动,C
25,【中国气候变化事务特使应约与欧盟气候委员举行会谈】财联社10月12日电，中国气候变化事务特使解振华应约与欧盟委员会新任气候行动委员胡克斯特拉举行视频会谈，双方围绕中欧气候变化对话交流、合作推进全球气候多边进程等议题深入交换意见。双方商定将保持密切沟通，落实中欧环境与气候高层对话成果，积极开展对话交流与务实合作，共同推动《联合国气候变化框架公约》第二十八次缔约方会议取得成功。,中国气候变化事务特使与欧盟气候委员会会谈的目的是什么?,探讨中欧气候变化对话的具体内容,讨论中欧环境与气候高层对话的成果,推动全球气候多边进程的合作,促进《联合国气候变化框架公约》第二十八次缔约方会议的成功,B
26,【梅西中国行官宣迈阿密国际11月将对阵青岛海牛、成都蓉城】财联社10月15日电，迈阿密国际官方宣布，将于今年11月展开中国行。俱乐部将对阵两支中超球队，第一场将在11月5号青岛青春足球场对阵青岛海牛，第二场11月8号对阵在凤凰山足球场对阵成都蓉城。,梅西中国行将对阵哪两支中超球队？,青岛海牛、成都蓉城,广州恒大、上海上港,北京国安、上海申花,大连人、深圳佳兆业,A
27,【荷兰首相吕特出访乌克兰表示将额外提供爱国者导弹】财联社10月14日电，荷兰首相马克吕特当地时间10月13日出访乌克兰并会见乌克兰总统泽连斯基。马克吕特来到乌克兰港口城市敖德萨，表示荷兰将额外提供爱国者导弹，以便乌克兰能够抵御俄罗斯空袭，同时将帮助乌克兰购买巡逻艇，以确保粮食出口航线的安全。,荷兰首相吕特在出访乌克兰时表示将额外提供哪种武器给乌克兰？,爱国者导弹,导弹拦截系统,坦克,导弹巡航器,A
28,【德国防部长：到2031年必须采购超过200亿欧元弹药】财联社 7月24日电，德国国防部长鲍里斯皮斯托留斯24日表示，到2031年，德国在弹药方面必须投资超过200亿欧元。他强调，如果没有弹药，即使最现代化的武器系统也是毫无用处的。德国政府官员此前警告，如果发生重大冲突，德国军方的弹药仅够维持一到两天，补充弹药库存至少需要200亿欧元。而按照北约的标准，其成员国的弹药储备应该至少能够维持30天。,根据德国防部长的表态，德国到2031年必须采购超过200亿欧元的弹药。以下哪个选项能够找到相应的佐证？,德国政府官员警告称，德国军方的弹药仅够维持一到两天。,北约成员国的弹药储备应该至少能够维持30天。,德国国防部长强调，如果没有弹药，即使最现代化的武器系统也是毫无用处的。,德国军队目前缺乏足够的弹药储备,C
29,【花旗：大众 汽车入股小鹏对后者非常利好】财联社 7月27日电，花旗称，大众汽车的入股对小鹏而言是一个非常利好的消息，来自大众与高级辅助驾驶系统软件相关的收入有可能会为小鹏带来相对较高的毛利率。未来预计小鹏G9的软件和XNGP智能辅助驾驶系统将会开放给大众。双方还可能共同开发下一代电动汽车平台和软件，并进一步丰富供应链。,小鹏汽车与大众合作，对小鹏而言的利好表现在哪一方面？,销售额的增加,软件收益的增加,供应链的丰富,电动汽车平台的开发,B
30,财联社2月24日电，有投资者问，公司topcon二合一设备验证结果如何？钙钛矿领域设备目前订单金额多少？ 京山轻机（000821.SZ）在互动平台表示，公司在TOPCon技术路线布局的PECVD和PVD二合一镀膜设备尚在验证中，具体信息请您查阅并持续关注公司披露的相关公告。,京山轻机在钙钛矿领域设备订单金额多少？,尚未公布具体订单金额,订单金额超过100万,订单金额超过500万,订单金额超过1000万,A
31,【泰凌微：公司在做星闪相关的研发投入已完成主要相关技术研发】财联社10月12日电，泰凌微接受机构调研时表示，公司在2020年就成为了第一批星闪联盟的会员，也一直紧密追踪星闪标准的进展，一直都有在做相关的研发投入，已经完成了主要的相关技术的研发，正在整合到公司的多模系统级芯片中，后续会有相关产品推出，短期内不会对公司经营带来重大影响。,泰凌微公司已经完成了主要相关技术的研发吗？,已完成并整合到公司的多模系统级芯片中,正在进行相关的研发投入,尚未开始相关技术的研发,短期内会对公司经营带来重大影响,A
32,【易纲：建设现代中央 银行（515290.SH；515290.OF）制度最重要的就是实现币值稳定和金融稳定】财联社 4月4日电，央行行长易纲在2023中国金融学术年会暨中国金融论坛年会上发表讲话称，中国式现代化对建设现代中央银行制度提出了新的要求，任务包括方方面面，概括起来，最重要的任务就是实现币值稳定和金融稳定。这两项任务实现了，就能够促进充分就业和经济增长。,中国现代中央银行建设的最重要任务是什么？,实现币值稳定和金融稳定,促进充分就业和经济增长,实现任务包括方方面面,对中国式现代化提出了新的要求,A
33,【中东地区局势紧张俄常驻联合国代表呼吁冲突方停火】财联社10月15日电，俄罗斯常驻联合国代表涅边贾当地时间10月13日在联合国安理会会议后表示，中东地区目前正处于全面战争和前所未有的人道主义灾难边缘，他呼吁冲突方立即停火。,根据以下资讯，回答停火呼吁的原因是什么？,人道主义灾难,全面战争,中东地区局势紧张,俄罗斯常驻联合国代表呼吁停火,A
34,【巴勒斯坦总统阿巴斯将于13日会见美国务卿布林肯】财联社10月12日电，据《耶路撒冷邮报》12日早间报道，巴勒斯坦官员表示，巴勒斯坦总统马哈茂德阿巴斯将于当地时间10月13日会见美国国务卿安东尼布林肯。,巴勒斯坦总统阿巴斯将于13日会见的对象是谁？,德国总统默克尔,以色列总理内塔尼亚胡,美国国务卿布林肯,俄罗斯总统普京,C
35,【葫芦娃：公司小儿肺热咳喘颗粒可用于治疗儿童支原体肺炎】财联社10月13日电，葫芦娃在互动平台表示，公司的小儿肺热咳喘颗粒（4g）被中国药学会系列期刊《现代药物与临床》及《儿童肺炎支原体肺炎中西医结合诊治专家共识（2017年制定）》推荐作为治疗儿童支原体肺炎的药物之一。此外，公司有注射阿奇霉素，可用于治疗支原体肺炎。,根据资讯，以下哪种药物被推荐作为治疗儿童支原体肺炎的药物之一？,小儿肺热咳喘颗粒（4g）,注射阿奇霉素,维生素C颗粒,儿童感冒软糖,A
36,【欧盟投资4.5亿欧元在法国建设电池超级工厂】财联社10月12日电，欧盟委员会官网发布消息称，欧洲投资银行（EIB）签署协议，将斥资4.5亿欧元建设杜埃电池超级工厂。欧洲投资银行是欧盟的贷款机构，也是世界上最大的跨国银行之一。,欧盟投资4.5亿欧元在法国建设电池超级工厂的消息来源于哪家机构？,财联社,欧洲投资银行,欧盟委员会官网,法国政府,C
37,【房地产板块持续走强 金科股份等近10股涨停】财联社 7月31日电，金科股份、 中南建设、华原地产、 天房发展、 合肥城建、 城建发展、 上实发展等近10股涨停。消息面上，北京市住建委近日抓好贯彻落实，更好满足刚性和改善性住房需求；深圳住建局近日表示更好满足居民刚性和改善性住房需求，扎实推进保交楼工作。,房地产板块近期走势如何？,房地产板块近期大幅下跌,房地产板块近期持续走强,房地产板块近期波动不大,房地产板块近期走势不确定,B
38,财联社9月25日电，有投资者问，在万物物联网的时代，工业互联网已经是趋势，公司有何布局？蜂助手在互动平台表示，物联网应用解决方案是公司未来重点发展的领域。公司坚持“物联网流量运营+IOT解决方案”两个战略发展方向，坚持以物联网流量运营的月租型业务模式为基础，持续加大物联网流量产品方案的研发投入，通过“流量运营产品、硬件方案和场景解决方案”等产品模式，持续提升物联网连接智能终端数量规模和市场份额。,以下关于蜂助手公司的布局及发展方向，哪个选项是正确的？,蜂助手主要布局在工业互联网领域,蜂助手主要布局在物联网流量运营领域,蜂助手主要布局在智能硬件制造领域,蜂助手主要布局在人工智能领域,B
39,【电视广播澄清：管理团队并未有任何变动】财联社10月13日电，电视广播在港交所公告，公司澄清近期市场对于本公司管理层变动毫无根据的传闻。公司的管理团队并未有任何变动，现任管理团队一直都得到董事局的全力支持。,电视广播公司的管理团队是否发生了变动？,是的，有新的管理团队接管了电视广播公司。,是的，电视广播公司的管理团队人员发生了一部分变动。,否，电视广播公司的管理团队一直保持不变。,否，电视广播公司的管理团队发生了多次变动。,C
40,财联社5月31日电，有投资者问，近期人民币兑美元汇率贬值是否利好公司？森麒麟在互动平台表示，汇率变化属长期存在的客观因素，人民币兑美元汇率贬值总体上有利于出口，同时，公司建立了较完善的汇率波动应对机制，在人民币兑美元汇率升值时将最大程度避免不利影响。,人民币兑美元汇率贬值是否利好公司？,是，汇率贬值有利于公司出口,是，公司已建立完善的汇率波动应对机制,否，汇率贬值会对公司产生不利影响,否，公司无法应对人民币兑美元汇率的变化,B
41,【*ST泛海：股票交易异常波动正在开展的预重整工作按监管规则披露】财联社10月15日电，*ST泛海披露股票交易异常波动公告，公司董事会确认，公司正在开展的预重整工作按监管规则披露，公司目前没有任何根据《深圳证券交易所股票上市规则》等有关规定应予以披露而未披露的其他事项或与该事项有关的筹划、商谈、意向、协议等。,根据资讯内容，*ST泛海公司正在进行的预重整工作是否符合监管规则？,是，因为公司已经披露了股票交易异常波动公告。,否，因为公司没有披露与该事项有关的筹划、商谈、意向、协议等。,是，因为公司董事会确认了预重整工作符合监管规则。,否，因为公司没有根据深圳证券交易所股票上市规则披露其他未披露的事项,A
42,【氟化工板块异动拉升中欣氟材直线涨停】财联社10月12日电，氟化工板块盘中异动拉升，中欣氟材直线涨停，联创股份大涨5%，永和股份、多氟多、金石资源、巨化股份等快速跟涨。消息面上，氟化工龙头梅兰集团第三代制冷剂主力品种R32报价，从1.45万元/吨上调至1.7万元/吨，涨幅超17%；R22上调500元/吨至2万元/吨；R134a因货源紧张暂不接单。,氟化工行业中欣氟材股价异动的原因是什么？,氟化工龙头梅兰集团上调制冷剂R32的价格,联创股份的股价大涨,永和股份、多氟多、金石资源、巨化股份等企业跟涨,氟化工行业供应紧张,A
43,【热门中概股多数下跌京东跌超2%】财联社10月14日电，热门中概股多数下跌，京东、哔哩哔哩、百度、腾讯音乐、微博跌超2%，网易、唯品会跌超1%，小鹏汽车、阿里巴巴、理想汽车小幅下跌。富途控股、爱奇艺涨超1%，蔚来小幅上涨。,以下哪家公司的股价上涨了？,京东,哔哩哔哩,腾讯音乐,富途控股,D
44,【央行邹澜：近期房地产市场出现积极变化高频数据显示重点城市交易活跃度有所上升】财联社10月13日电，近期房地产市场出现积极变化，高频数据显示重点城市交易活跃度有所上升。从信贷数据看，9月主要银行的房地产开发贷款和个人住房贷款合计较上月多增1000多亿元，保持明显回升态势。目前存量住房贷款利率调降已完成5000万笔，涉及22万亿元贷款，利率平均降幅0.73个百分点。,近期房地产市场出现的积极变化主要体现在哪方面？,交易活跃度的上升,信贷数据的下降,存量住房贷款利率的上升,个人住房贷款数量的减少,A
45,【哈尔滨铁路局公布K5133次旅客列车车辆脱轨原因】财联社10月15日电，哈尔滨铁路通报，10月15日3时50分许，黑龙江黑河地方铁路公司一施工的工程车辆在黑河市境内地方铁路孙吴北站至潮水站间倾覆侵入铁路线路，导致运行至此的K5133次旅客列车机车及机车后第1至4位车辆脱轨。哈尔滨铁路局集团公司积极配合地方铁路部门开展救援起覆，车上旅客和工作人员全部平安，已安全转运。,在哈尔滨铁路局公布的K5133次旅客列车脱轨事故中，脱轨原因是什么？,地震导致,机车故障,铁轨老化,工程车辆倾覆,D
46,"""财联社2月8日电，有投资者问，据说双洛平医保谈判失败，公司作为上市公司为什么不公告一下双洛平医保谈判失败的原因？请尽快回复？ 微芯生物（688321.SH）（688321.SH）在互动平台表示，西格列他钠已经成功进入医保，详细信息请参阅公司于2023年1月20日披露的《自愿披露关于公司产品西格列他钠新纳入《国家医保目录》的公告》。""",微芯生物是否公告了双洛平医保谈判失败的原因？,公告了,未公告,公告了西格列他钠的医保成功进入,公告了关于公司产品新进入《国家医保目录》的公告,B
47,财联社7月20日电，有投资者问，公司变压器互感器车间配置有专业的生产设备，主要用于生产自有产品使用的变压器、互感器。依据目前公司的产能利用情况，有没有对外进行销售？西力科技在互动平台表示，公司目前变压器、互感器的产能配置主要用于自有产品的配套，少量用于对外销售。,西力科技的变压器、互感器产能配置情况如何？,公司变压器、互感器的产能配置主要用于自有产品的配套,公司变压器、互感器的产能配置主要用于对外销售,公司变压器、互感器的产能配置既用于自有产品的配套，又用于对外销售,公司变压器、互感器的产能配置没有使用,A
48,【国联股份：前三季度净利润同比预增47.18%至47.91%】财联社10月13日电，国联股份公告，预计前三季度实现净利润10.05亿元至10.1亿元，同比增长47.18%至47.91%。业绩增长的主要原因是公司网上商品交易收入增长。,国联股份前三季度净利润增长的主要原因是什么？,公司网上商品交易收入增长,股票价格上涨,公司扩张了生产规模,公司进行了股权转让,A
49,财联社8月18日电，有投资者问，公司口口声声说未来智慧供热前景一片光明，可市场不买账，这是为什么？瑞纳智能在互动平台表示，当前国内经济形式复杂，但公司对国内智慧供热的总体形式看好。公司将在持续巩固现有市场的基础上，积极开拓新市场，加大技术研发投入，不断提升技术水平和产品性能，增强公司核心竞争力，争取以更好的业绩回报广大投资者。,瑞纳智能公司对于未来智慧供热前景的态度是什么？,公司对国内智慧供热的形式并不看好,公司打算放弃智慧供热市场，转向其他领域,公司将加大技术研发投入，提升技术水平和产品性能,公司认为智慧供热市场前景非常不明朗,C
50,【南华仪器：信披不准确董事长等收到广东证监局警示函】财联社10月12日电，南华仪器公告，公司近日收到广东证监局关于对公司杨耀光、梁伟明、周柳珠、伍颂颖采取出具警示函措施的决定。经查，公司2022年业绩预告与2022年年度报告中披露的相关数据相比差异较大，信息披露不准确。根据相关规定，广东证监局决定对公司董事长杨耀光、总经理梁伟明、财务总监周柳珠、董事会秘书伍颂颖采取出具警示函的行政监管措施。,南华仪器收到广东证监局警示函的原因是什么？,公司财务数据与年报相差较大,公司董事长涉嫌违法行为,公司业绩预告未达到市场预期,公司信息披露不充分,A
51,【 都市丽人（02298.HK）午后再次拉升股价涨超17%】财联社 2月24日 电，都市丽人午后拉升，截至发稿，股价涨17%，报0.445港元。月内股价累计涨幅1.1倍，机构称公司受惠线下消费回暖。,都市丽人（02298.HK）股价上涨原因是什么？,公司新闻发布了利好消息,公司获得了一笔巨额投资,公司受益于线下消费回暖,公司宣布并购了一家竞争对手,C
52,"2023年8月3日，财联社电，浩通科技高管余志灏提出减持计划，因为个人资金需求,持股人原持股份1590000股，减持上市公司股份不超过97500股，计划减持股份比例不超过公司股份总数的0.09%,减持日期至2023年12月29日",浩通科技高管余志灏的减持计划是基于以下哪个原因？,个人资金需求,公司股份总数超过预期,股价下跌导致减持,公司业绩下滑导致减持,A
53,财联社7月18日电，有投资者问，董秘，电声领域，公司以人工智能及无线音频为突破口，持续提升语音交互及物联网等产品开发能力。公司与小米、华为等知名企业合作较为顺利，均是属于公司的重要客户，在汽车领域上，公司的电声产品有与他们合作吗？或者和其他汽车公司合作？奋达科技在互动平台表示，公司暂未与小米、华为等企业在汽车领域有合作。,奋达科技在汽车领域的合作情况如何？,公司与小米、华为等企业在汽车领域有合作,公司与其他汽车公司有合作,公司暂未与小米、华为等企业在汽车领域有合作,公司在汽车领域没有任何合作,C
54,【 恒勃股份：公司目前业务暂未应用人工智能领域】财联社 6月19日电，恒勃股份在互动平台表示，公司在新能源车领域的产品应用正逐步拓宽，公司已量产应用于PHEV车型的进气系统零部件，并获得客户纯电动 汽车的冷却系统零部件订单。公司目前业务暂未应用人工智能领域。,关于恒勃股份的业务应用情况，以下哪个选项是正确的？,公司的业务已经应用人工智能领域,公司的产品已应用于传统燃油车领域,公司已经获得客户纯电动汽车的进气系统零部件订单,公司正在拓宽新能源车领域的产品应用,C
55,【首航高科：受让慧添新能源40%股权】财联社10月13日电，首航高科公告，为进一步开发光热发电项目，近日，公司与海南慧天企业管理有限公司签署了《股权转让协议》。首航高科拟以0元受让慧天企管所持有的瓜州慧添新能源开发有限公司40%的股权认缴份额（对应慧添新能源800.00万元注册资本）。,首航高科与海南慧天企业管理有限公司签署的《股权转让协议》是为了？,扩大光热发电项目规模,减少慧添新能源的注册资本,增加首航高科的股权比例,购买海南慧天企业管理有限公司的股权,A
56,"""【 卫龙（09985.HK）尾盘涨约7%机构看好公司23年享受提价红利】财联社 2月8日电，，次新股卫龙尾盘涨约7%。 海通国际（00665.HK）最新的研究认为，卫龙是辣条行业领导者，疫后有场景修复的弹性。高端化持续进行，2023年有望享受提价红利。截至发稿，卫龙涨7.10%，报10.86港元。""",卫龙公司的股价涨幅以及机构看好的原因是什么？,股价涨幅约为5%，主要是因为产品疫后需求增加。,股价涨幅约为7%，主要是因为卫龙是辣条行业领导者。,股价涨幅约为9%，主要是因为公司展望2023年有望享受提价红利。,股价涨幅约为7%，主要是因为卫龙已推行高端化战略。,B
57,【国际原子能机构总干事视察日本福岛第一核电站并设立办事处】财联社 7月5日电，据日本广播协会5日报道，当地时间5日，国际原子能机构（IAEA）总干事格罗西视察日本福岛第一核电站，并在该核电站内开设了IAEA职员常驻的办事处。,国际原子能机构总干事格罗西视察了以下哪个核电站，并设立了办事处？,福岛第一核电站,福岛第二核电站,南海核电站,广西核电站,A
58,【广州地铁遭受恐怖袭击？警方：系谣言正在追查造谣者】财联社10月12日电，一则“广州地铁遭受恐怖袭击”的信息在网络社交平台传播。广州警方立即开展核查。经查，广州辖区未收到任何相关警情，广州地铁运行正常，全市社会治安秩序正常，该信息系谣言。目前，警方正在追查造谣者。,关于广州地铁恐怖袭击的信息，下列哪个选项是正确的？,广州警方已确认广州地铁遭受恐怖袭击,广州地铁已经停运，暂时关闭,广州辖区已接到多起与地铁恐怖袭击有关的警情,广州地铁正常运行，社会治安秩序正常,D
59,【郭明𫓹：中国手机市场底部将过将重拾成长】财联社10月13日电，郭明𫓹13日在X（原推特）上发文表示，中国手机市场底部将过，预期将重拾成长。十一长假手机销售显著成长约15%YoY，4Q23手机出货QoQ与YoY亦预期均重拾成长。Android品牌已无杀价竞争，且成本亦较过去数年下降，故有利品牌商利润。,根据资讯内容，中国手机市场底部将过将重拾成长。以下哪个选项是正确的理由？,十一长假手机销售下降了约15%YoY,Android品牌的杀价竞争还在继续,过去数年下降的成本对品牌商利润没有影响,郭明𫓹在发文中提到中国手机市场的底部将过,D
60,【国产光刻机工厂落地雄安？中国电子院澄清：这是北京高能同步辐射光源】财联社9月18日电，一则消息在各大视频平台广为传播，称清华大学EUV项目把ASML的光刻机巨大化，实现了光刻机国产化，并表示这个项目已经在雄安新区落地。对此，中国电子工程设计院有限公司（中国电子院）9月18日发声，称该项目并非网传的国产光刻机工厂，而是北京高能同步辐射光源项目（HEPS）。,关于国产光刻机工厂在雄安新区落地的说法，下列哪个选项是正确的？,国产光刻机工厂项目是在清华大学进行的,国产光刻机工厂项目已经在雄安新区实施,国产光刻机工厂项目是北京高能同步辐射光源项目,国产光刻机工厂项目是由中国电子院负责的,C
61,【今年1至9月我国新建主干油气管道突破2500公里】财联社10月14日电，今年以来，我国大力推动油气管网基础设施建设，一批国家重点项目加速建设、顺利投产，1到9月份我国新建主干油气管道里程突破2500公里，创历史新高。,今年1至9月我国新建主干油气管道突破2500公里，这一数据在以下哪个方面可以得到佐证？,国内石油供需关系,国际油价走势,国内能源消费量,国内油气管网建设速度,D
62,【粮农组织称过去30年全球农业因灾害损失约3.8万亿美元】财联社10月14日电，联合国粮食及农业组织（粮农组织）13日发布一份有关灾害对全球农业生产和粮食安全影响的评估报告，其中指出灾害事件在过去30年中导致作物和牲畜产量损失约3.8万亿美元。报告指出，全球灾害事件发生频率从上世纪70年代的每年约100起增加到过去20年的每年约400起，灾害事件的强度和复杂性也在上升。,根据联合国粮农组织的评估报告，以下哪个陈述是正确的？,过去30年全球的灾害事件导致了农业损失约1万亿美元。,过去30年全球的灾害事件导致了农业损失约5万亿美元。,过去30年全球的灾害事件导致了农业损失约2万亿美元。,过去30年全球的灾害事件导致了农业损失约4万亿美元。,D
63,【半导体巨头铠侠和西数或于本月达成合并协议】财联社10月13日电，据日本共同社，正在为经营合并而展开磋商的半导体巨头铠侠控股（东京）与合作方美国西部数据公司（WD）预计最快于本月内达成协议。若实现合并，半导体存储器业务将达到全球最大规模。新设立的控股公司在以设备投资为目的容易筹集资金的预期下，打算在美国纳斯达克上市。鉴于半导体存储器市场状况恶化，将通过合理经营谋求生存。,半导体巨头铠侠和西数的合并协议预计最快在本月达成，以下选项中哪个是正确的？,合并后的新控股公司将在美国纳斯达克上市,合并后的新控股公司将在日本东京上市,合并后的新控股公司将在中国上海上市,合并后的新控股公司将在欧洲伦敦上市,A
64,"【华绿生物：拟与思威博设立合资公司】财联社10月13日电，华绿生物公告，公司与江苏思威博生物科技有限公司(简称“思威博”)签署《合作协议》，各方同意共同出资设立合资公司。合资公司注册资本1,000.00万元，其中，公司出资510.00万元，持有合资公司51.00%股权；思威博出资490.00万元，持有合资公司49.00%股权。",华绿生物和思威博生物科技有限公司签署了什么协议?,合作协议,投资协议,竞争协议,合并协议,A
65,【济民医疗：与日本小田医院签署战略合作协议】财联社10月15日电，济民医疗公告，公司与日本小田医院共同签署《战略合作协议》，双方拟在深化公司控股子公司博鳌国际医院有限公司与日本小田医院的合作关系、启动细胞治疗技术领域研究及临床应用的合作、合作开展细胞培养基国产化项目展开合作。,济民医疗与哪家日本医院签署了战略合作协议?,小田医院,博鳌国际医院,另一家未提及的日本医院,合作协议中没有提到具体合作的医院,A
66,"""财联社2月6日电，有投资者问，公司占隆深机构人12.63%，请问隆深机器人的业绩情况如何？该公司主要业务能介绍 一下吗？ 友阿股份（002277.SZ）在互动平台表示，1、公司于2017年参股隆深机器人，目前仅占其注册资本的12.63%，公司不直接参与其日常经营管理。2、隆深机器人主要业务为工业机器人本体。""",隆深机器人的主要业务是什么？,人力资源服务,工业机器人本体,金融投资,互联网技术,B
67,【中国医药：子公司诺氟沙星胶囊视同通过仿制药一致性评价】财联社10月12日电，中国医药公告，近日，公司下属全资子公司天方有限收到国家药监局核准签发的一份诺氟沙星胶囊《药品补充申请批准通知书》，该药品视同通过仿制药质量和疗效一致性评价。诺氟沙星胶囊属于氟喹诺酮类抗感染药，适用于敏感菌所致的尿路感染、淋病、前列腺炎、肠道感染和伤寒及其他沙门菌感染。,中国医药公告的子公司诺氟沙星胶囊视同通过了什么评价?,国家药监局核准签发的批准通知书,全球医药批准机构的认可证书,国际药品研发机构的授予荣誉称号,互联网药品监管机构的认证证书,A
68,【均普智能：相关产线生产的终端产品会上车华为HI模式或智选模式相关车型】财联社10月13日电，均普智能在互动平台表示，公司为客户提供车载控制系统装配智能产线，据了解相关产线生产的终端产品会上车华为HI模式或智选模式相关车型。,均普智能提供的车载控制系统装配智能产线使用的终端产品会上车哪种模式的相关车型？,华为AR模式相关车型,华为智选模式相关车型,华为AI模式相关车型,华为低能耗模式相关车型,B
69,"""【 国药现代（600420.SH）：子公司注射用头孢美唑钠通过仿制药一致性评价】财联社 2月8日电，国药现代公告，近日，公司控股子公司国药致君收到国家药监局核准签发的《药品补充申请批准通知书》，批准注射用头孢美唑钠（0.5g）通过仿制药质量和疗效一致性评价。""",国药现代子公司的注射用头孢美唑钠通过了什么评价?,化妆品一致性评价,药品一致性评价,食品安全评价,环境保护评价,B
70,【境外黄脊竹蝗迁飞入境云南3000亩林地受损害】财联社8月20日电，近日，记者从云南省林草局获悉，今年黄脊竹蝗于6月18日跨越边境线从老挝本怒县、丰沙里县直接进入云南江城牛洛河自然保护区，随后在7月24日迁飞规模达到最大。部分种群可能向西双版纳州勐腊县、红河州绿春县迁飞。截至8月17日，云南3004.5亩林地受到黄脊竹蝗不同程度损害，危害程度以轻度为主，尚未成灾。,黄脊竹蝗对云南林地的损害情况是？,林地受损害程度轻微,林地受损害程度严重,黄脊竹蝗没有对林地造成损害,黄脊竹蝗已经灭绝,A
71,财联社6月16日电，有投资者问，请问贵公司有没有水电与虚拟电厂的业务？赣能股份在互动平台表示，公司主营火力、水力及新能源发电，所属水电厂两家，总装机规模10万千瓦，分别为居龙潭水电厂和抱子石水电厂，装机容量分别为23万千瓦和22万千瓦，分别位于江西省赣州市和九江市修水县。另外，公司受托管理江投集团下辖江西东津发电有限责任公司，装机容量为23万千瓦，公司暂无虚拟电厂业务。,赣能股份的主营业务包括哪些？,火力、水力及新能源发电,水电和虚拟电厂业务,水力、新能源发电及虚拟电厂业务,火力和虚拟电厂业务,
72,【证券时报评论：科技白马股频现闪崩的市场寓意】财联社 10月14日讯，证券时报头版评论称，在科技浪潮席卷A股市场，叠加券商资管理财产品、公募基金大量发行的背景下，科技白马股出现廉价筹码派发的可能性并不大，闪崩更大的意义在于引导资金回归基本面、淡化投机，同时也意味着机构资金在科技白马股的选择上将进入以盈利增长驱动的第二阶段。,科技白马股闪崩市场的寓意是什么？,科技白马股将出现廉价筹码派发,闪崩意味着资金回归基本面、淡化投机,科技白马股的选择将进入盈利增长驱动的第一阶段,机构资金将选择其他行业投资,
73,【国家林草局：我国森林资源逐步盘活全国林权抵押贷款余额1300多亿元】财联社10月12日电，国新办12日就《深化集体林权制度改革方案》有关情况举行发布会。国家林业和草原局副局长唐芳林介绍，我国森林资源逐步盘活。围绕回答“钱从哪里来”，创新林权融资机制，推动集体林资源变资产、资产变资金。建立了林权抵押贷款制度，全国林权抵押贷款余额1300多亿元，成为支持林业生态建设和产业发展的重要资金来源。,国家林草局建立了哪项机制？,林权融资机制,生态建设机制,资产变资金机制,集体林权制度改革机制,
74,【耀皮玻璃：子公司天津耀皮浮法玻璃二线停产冷修】财联社10月12日电，耀皮玻璃公告，公司控股子公司天津耀皮浮法玻璃生产线TSYP2（简称“TSYP2”）于2013年4月28日点火投产，目前运行已超预期寿命，窑炉等主要设备已老化，能耗较高，蓄热室格子体也已开始出现堵塞和坍塌的现象，继续生产将影响产品成品率，因此，TSYP2生产线将于10月14日停产冷修，进行技改升级。,天津耀皮浮法玻璃生产线停产的原因是什么？,设备老化，能耗较高,产品成品率下降,窑炉爆炸,技改升级,
75,【吉尔吉斯斯坦批准与俄罗斯建立联合区域防空系统的协议】财联社10月12日电，吉尔吉斯斯坦总统办公厅10月12日发布消息称，吉尔吉斯斯坦批准了与俄罗斯关于建立联合区域防空系统的协议。吉尔吉斯斯坦总统办公厅发布的消息表示，协议的批准确认了吉尔吉斯斯坦加强与俄罗斯战略关系的承诺，并促进了两国在国防与安全领域进一步合作的发展。这将确保两国领空得到更可靠的保护，加强对国家利益的安全和保护。,吉尔吉斯斯坦与俄罗斯建立联合区域防空系统的协议是为了什么目的？,加强两国的经济合作,加强两国的军事合作,加强两国的文化交流,加强两国的环境保护,
76,【尖峰集团：子公司甲磺酸仑伐替尼胶囊获药品注册证书】财联社10月12日电，尖峰集团公告，近日，控股子公司浙江尖峰药业收到国家药监局核准签发的甲磺酸仑伐替尼胶囊《药品注册证书》，标志着尖峰药业具有进行该药品生产，销售的资格。甲磺酸仑伐替尼是一款由日本卫材研发的多靶点的靶向抗癌药，同时对血管内皮细胞生长因子、成纤维细胞生成因子、血小板源生长因子受体及RET与KIT的口服小分子酪氨酸激酶抑制剂。,甲磺酸仑伐替尼胶囊获得药品注册证书的意义是什么？,甲磺酸仑伐替尼胶囊已经被证实对多种癌症有效。,甲磺酸仑伐替尼胶囊有望成为治疗癌症的首选药物。,尖峰集团已经具备了甲磺酸仑伐替尼胶囊的生产和销售资格。,甲磺酸仑伐替尼胶囊是一款日本研发的抗癌药物。,
77,【太钢不锈：拟设立太钢不锈临汾子公司】财联社10月13日电，太钢不锈公告，为了做大做强公司中厚板产线产品，充分拓展公司在临汾的发展空间，公司在原山西太钢不锈钢股份有限公司临汾分公司的基础上独家出资设立子公司山西太钢临汾中厚板有限公司，注册资本7000万元，注销山西太钢不锈钢股份有限公司临汾分公司。,太钢不锈公司拟设立太钢不锈临汾子公司的目的是什么？,扩大公司在临汾的发展空间,提高中厚板产线产品的产量,注销山西太钢不锈钢股份有限公司临汾分公司,减少公司在临汾的投资,
78,【 新化股份：拟合资兴建一期1万吨/年的废旧锂回收生产线】财联社 6月30日电，新化股份公告，与江苏耀宁新能源有限公司、上海添乾咨询管理合伙企业（有限合伙）在建德市共同出资成立合资公司，合资公司将投资兴建一期1万吨/年的废旧锂回收生产线。,新化股份拟与哪两家公司合作建设废旧锂回收生产线?,江苏耀宁新能源有限公司和上海添乾咨询管理合伙企业,江苏耀宁新能源有限公司和建德市政府,上海添乾咨询管理合伙企业和建德市政府,江苏耀宁新能源有限公司和江苏新化新能源科技有限公司,
79,【锂矿股再度反弹融捷股份涨超6%】财联社10月12日电，锂矿股早盘再度反弹，融捷股份涨超6%，中矿资源、永兴材料、江特电机、天齐锂业、赣锋锂业等跟涨。五矿期货指出，国内外新能源汽车增速较去年放缓，但仍保持同比约40%的高速增长。2023年预计全球锂离子电池产量超过1300GWh，对应碳酸锂需求约为86万吨，较去年增长30%-40%。,锂矿股反弹，以下哪只股票跟涨幅度最高?,融捷股份,中矿资源,永兴材料,江特电机,
80,【 华西股份：实际控制人拟发生变更】财联社 7月20日电，华西股份公告，实际控制人华西村委会拟将其持有的江苏华西集团有限公司80%股权转让给江阴联华优化调整产业投资合伙企业（有限合伙）；本次权益变动后公司控股股东仍为华西集团，公司实际控制人将由华西村委会变更为江阴市人民政府国有资产监督管理办公室。,华西股份的实际控制人将发生变更，将股权转让给哪家企业？,华西村委会,江阴联华优化调整产业投资合伙企业,华西集团,江阴市人民政府国有资产监督管理办公室,
81,【央行货币政策司邹澜：降低存量房贷利率工作已基本接近尾声】财联社10月13日电，今日在央行举行的三季度金融统计数据发布会上，央行货币政策司司长邹澜表示，近期一系列利率政策取得显著成效，市场反应良好，后续效果还将持续显现。降低存量房贷利率工作已基本接近尾声。老百姓普遍反映存量房贷利率降低，明显减少了利息负担，降低了提前还贷动力，增加投资和消费信心和能力，预计此项措施效应还将持续。,央行货币政策司司长邹澜表示，降低存量房贷利率工作已基本接近尾声，这一措施的效果如何？,降低存量房贷利率取得了显著成效,降低存量房贷利率对市场反应不佳,降低存量房贷利率对老百姓没有明显减少利息负担,降低存量房贷利率没有增加投资和消费信心和能力,
82,【国内期货主力合约涨跌不一低硫燃料油（LU）涨超2%】财联社10月12日电，国内期货主力合约涨跌不一，低硫燃料油（LU）涨超2%、丁二烯橡胶涨近2%，菜油、苯乙烯、燃油涨超1%。下跌方面，焦炭跌超1%。,以下哪个期货主力合约涨幅最高？,低硫燃料油（LU）,丁二烯橡胶,菜油,焦炭,
83,【国家林草局：集体林地产出每亩约300元比林改前增长3倍多】财联社10月12日电，国务院新闻办公室12日举行新闻发布会，介绍《深化集体林权制度改革方案》有关情况。国家林业和草原局副局长唐芳林介绍，围绕回答“单家独户怎么办”，推动林权流转和林业规模经营。培育家庭林场、专业大户、林业合作社等林业新型经营主体近30万个。集体林地产出每亩约300元，比林改前增长3倍多。,深化集体林权制度改革方案的目标是什么？,培育家庭林场、专业大户、林业合作社等新型经营主体,推动林权流转和林业规模经营,使集体林地的产出每亩增长三倍以上,解决单家独户面临的问题,
84,【奥拓电子：公司为华为提供过LED显示解决方案及相关产品】财联社10月12日电，奥拓电子在互动平台表示，公司为华为提供过LED显示解决方案及相关产品。同时，全资子公司南京奥拓自主开发的智能营销播控、智能客户分流等平台应用软件，完成华为及统信的产品适配认证，配合公司自主设计生产的排队机、LCD、LED等硬件产品，服务于金融、通讯、广告等各种需要排队分流和营销互动展示的行业客户。,奥拓电子公司为以下哪家公司提供过LED显示解决方案及相关产品？,华为,统信,南京奥拓,金融客户,
85,"""财联社4月7日电，有投资者问，公司收购三起汽车配件公司完成没有，不是说3月31号过户吗，怎么没有公告？ 联诚精密（002921.SZ）在互动平台表示，公司收购山东三起汽车配件公司的工作正在按照《股权转让协议》约定有序推进（包括但不限于股权交割前的资产验收和债权债务清理等工作），股权交割完成后，我们会及时进行公告。""",联诚精密收购三起汽车配件公司的进展情况如何？,进展顺利，已经完成股权交割,进展正常，但股权交割还未完成,进展缓慢，股权交割预计将延迟,进展困难，收购可能会失败,
86,【何小鹏：与大众集团联合开发的车型已在加速推进】财联社10月12日电，小鹏汽车董事长何小鹏在微博发文称，九月底其拜访了大众集团Wolfsburg总部。何小鹏表示，“过去几个月，我们联合开发的车型已在加速推进，双方的技术团队像一支创业团队一样，为了共同的目标，全情投入、全速前进；在供应链上推进的战略合作，将为我们带来共同降本的潜力。”,小鹏汽车与大众集团联合开发的车型的进展情况如何？,进展顺利，已在加速推进,进展一般，还需更多时间,进展缓慢，有一定的困难,进展失败，合作计划被取消,
87,【欧菲光：公司经营情况正常内外部经营环境未发生重大变化】财联社10月15日电，欧菲光披露股票交易异常波动的公告，截至目前公司经营情况正常，内外部经营环境未发生重大变化。公司未发现近期公共传媒报道了可能或已经对公司股票交易产生较大影响未公开重大信息。,欧菲光的经营环境是否发生重大变化？,经营环境有所改善,经营环境有所恶化,经营环境持续稳定,经营环境波动较大,
88,【通化金马：公司经营情况及内外部经营环境未发生重大变化】财联社10月15日电，通化金马披露股票交易异常波动公告，经核实，公司前期披露的信息未发现需要更正、补充之处。目前公司经营情况及内外部经营环境未发生重大变化。,通化金马公司前期披露的信息是否需要更正、补充？,是的，需要更正、补充,不需要更正、补充,无法确定是否需要更正、补充,经营情况及内外部经营环境发生了重大变化,
89,【氟化工板块震荡走高 联创股份涨超10%】财联社 7月12日电，氟化工板块震荡走高，联创股份涨超10%， 永和股份、 三美股份、 巨化股份、 新宙邦等跟涨。 光大证券研报认为，随着配额战的落幕，制冷剂市场转换为供给端受约束，需求段持续释放的利好局面。第三代HFCs制冷剂在未来占据市场主导地位，价格与价差将迎来大幅上涨空间。,根据资讯，下列哪个公司在氟化工板块中涨幅最高？,联创股份,永和股份,三美股份,巨化股份,
90,【申联生物：与上兽研签署《抗非洲猪瘟的蓝耳病基因工程活载体疫苗技术开发（合作）合同》】财联社10月13日电，申联生物公告，与中国农业科学院上海兽医研究所签署《抗非洲猪瘟的蓝耳病基因工程活载体疫苗技术开发（合作）合同》。双方拟共同开发抗非洲猪瘟的蓝耳病基因工程活载体疫苗，该疫苗能同时预防非洲猪瘟和猪蓝耳病。,申联生物与上兽研签署的合作合同目的是什么？,开发抗非洲猪瘟的蓝耳病基因工程活载体疫苗,开发抗非洲猪瘟的传统疫苗,开发抗猪蓝耳病的基因工程活载体疫苗,开发抗猪蓝耳病的传统疫苗,
91,【凯龙高科：拟转让江苏观蓝20%股权至扬州旭盛邦】财联社9月12日电，凯龙高科公告，公司转让江苏观蓝20%股权至扬州旭盛邦，转让完成后，扬州旭盛邦合计持有江苏观蓝30%股权，该部分股权全部用于对江苏观蓝管理团队以及核心骨干等实施股权激励计划。,以下关于凯龙高科的资讯，哪一个选项是正确的？,凯龙高科将转让江苏观蓝20%股权给扬州旭盛邦,凯龙高科将转让江苏观蓝30%股权给扬州旭盛邦,凯龙高科将转让江苏观蓝40%股权给扬州旭盛邦,凯龙高科将转让江苏观蓝10%股权给扬州旭盛邦,
92,"""财联社1月31日电，有投资者问，请问贵公司运营的游戏都是自己研发的吗？有多少是代理的？ 恺英网络（002517.SZ）在互动平台表示，公司主要业务包括手游与页游等精品娱乐内容的研发、运营及发行，网页游戏平台、移动应用分发平台的运营。公司运营的产品既有自研产品，也有代理产品，具体游戏产品信息，请您关注公司的官网、官微及官方公众号。""",恺英网络的游戏都是自己研发的吗？,是，恺英网络所有的游戏都是自己研发的,否，恺英网络所有的游戏都是代理的,恺英网络既有自研产品，也有代理产品,恺英网络只有代理产品,
93,【大元泵业：与华为、中兴在IDC温控领域推进的屏蔽齿轮泵项目继续深化推进中产品已实现小批量订单】财联社10月12日电，大元泵业在互动平台表示，公司与华为、中兴在IDC温控领域推进的屏蔽齿轮泵项目，相关合作在继续深化推进中。目前该产品已在部分客户中实现有小批量订单，同时我们也关注到，近期行业客户对该款产品的关注度在逐步提升，所接触的客户数量不断增加。,大元泵业在哪个领域推进屏蔽齿轮泵项目？,通信设备领域,温控领域,工业泵领域,客户服务领域,
94,【波兰启用长约200公里的波俄边境墙】财联社10月14日电，波兰内务和行政部长卡明斯基当地时间10月13日宣布，即日起，启用与俄罗斯接壤地带修建的长约200公里的边境墙。卡明斯基表示，边境墙启用后，波方可以全面掌握边境动态，任何非法越境企图都将立即被识别，距离最近的边防人员也将及时采取应对措施。,波兰为什么启用长约200公里的边境墙？,保护国家安全,限制移民人数,增强与俄罗斯的关系,控制边境商品贸易,
95,【伊朗外长阿卜杜拉希扬会见哈马斯领导人哈尼亚】财联社10月15日电，伊朗外交部长阿卜杜拉希扬在卡塔尔首都多哈会见巴勒斯坦伊斯兰抵抗运动（哈马斯）领导人哈尼亚。本次会面是巴以新一轮冲突爆发以来伊朗官员和哈马斯高层之间的首次会面。卡塔尔是伊朗外交部长中东地区之行的第四站。此前，他已访问伊拉克、叙利亚和黎巴嫩，并分别与三国高层及黎巴嫩真主党领导人就巴以局势的最新进展举行会谈。,伊朗外长阿卜杜拉希扬会见哈马斯领导人哈尼亚的首次会面发生在哪个国家？,伊朗,巴勒斯坦,卡塔尔,黎巴嫩,
96,【健康元：艾拉戈利钠片获得药物临床试验批准通知书】财联社10月13日电，健康元公告，公司控股子公司丽珠医药集团股份有限公司(称：丽珠集团)全资子公司丽珠集团丽珠制药厂(称：丽珠制药厂)收到国家药品监督管理局核准签发的《药物临床试验批准通知书》，批准艾拉戈利钠片开展“评价艾拉戈利钠片治疗子宫内膜异位症中度至重度疼痛患者的疗效、安全性的多中心、随机、双盲、安慰剂平行对照期临床试验”。,关于艾拉戈利钠片的临床试验批准通知书，以下哪项说法是正确的？,丽珠制药厂收到了国家药品监督管理局核准签发的《药物临床试验批准通知书》,丽珠制药厂将开展评价艾拉戈利钠片治疗子宫内膜异位症中度至重度疼痛患者的疗效的临床试验,丽珠制药厂将开展随机对照期临床试验,丽珠制药厂将开展安慰剂平行对照期临床试验,
97,"""【 金自天正（600560.SH）：部分工艺模型开发中会用到人工神经网络算法】财联社 2月2日电，金自天正在投资者互动平台表示，公司在2002年取得“人工神经元网络开发平台”计算机软件著作权。目前在部分工艺模型开发中会用到人工神经网络的算法。""",金自天正公司在工艺模型开发中使用到的算法是什么？,人工神经网络算法,遗传算法,模糊逻辑算法,粒子群优化算法,
98,【山西发布霜冻蓝色预警预计最低温度降至0以下】财联社10月12日电，山西省气象台12日10时00分发布霜冻蓝色预警，预警区域：大同、朔州、忻州、吕梁、阳泉北部、晋中东山、临汾北部、长治北部。受冷空气影响，预计未来48小时预警区域内地面最低温度将要下降到0以下，对农业将产生影响。,根据山西省气象台发布的预警，以下哪个地区将有霜冻现象出现？,大同,太原,晋城,吕梁,
99,【中国人民银行行长潘功胜会见美国财政部长耶伦】财联社10月13日电，中国人民银行行长、国家外汇管理局局长潘功胜在摩洛哥马拉喀什出席国际货币基金组织/世界银行年会期间应约会见了美国财政部长耶伦，就两国和世界经济金融形势、发展中国家债务,中国人民银行行长潘功胜会见美国财政部长耶伦的地点是哪里？,沙特,中国,美国,马拉喀什,
100,【英国商人JimRatcliffe在竞购曼联股份的竞争中再度处于领先位置】财联社10月13日电，英国商人JimRatcliffe在竞购曼联俱乐部股份的竞争中再度处于领先位置。曼联董事会称将在未来数天内的会议上讨论收购要约,关于曼联股份竞购的资讯，以下哪个选项是正确的?,曼联董事会已经决定同意Jim Ratcliffe的收购要约,卡塔尔方面已经放弃竞购曼联股份,Jim Ratcliffe目前处于竞购曼联股份的领先位置,曼联俱乐部不打算出售股份,
101,【金凯生科：与诺和诺德的合作涉及减肥产品与礼来的合作不涉及减肥产品】财联社10月13日电，金凯生科在互动平台表示，公司与诺和诺德、礼来保持长期合作，与诺和诺德的合作涉及减肥产品，与礼来的合作不涉及减肥产品。,金凯生科与哪家公司的合作涉及减肥产品？,诺和诺德,礼来,其他公司,没有涉及减肥产品,
102,【哈尔斯：第三季度净利润1.07亿元同比增长102.56%】财联社10月13日电，哈尔斯披露三季度报告，第三季度实现营业收入7.69亿元，同比增长27.67%；净利润约1.07亿元，同比增长102.56%；基本每股收益0.24元。,根据哈尔斯三季度报告，下列哪项数据同比增长超过100%？,营业收入,净利润,基本每股收益,没有数据超过100%的增长,
103,财联社6月19日电，有投资者问，董秘ficonTEC 在光模块领域新增的设备订单有超过 90%的份额都是应用于 800G 光模块设备；请问贵公司有采购ficonTEC 光模块生产设备？博创科技在互动平台表示，公司目前没有采购ficonTEC的设备。,博创科技是否有采购ficonTEC光模块生产设备？,有的,没有的,无法确定,没有提到,
104,【铭利达：公司是华为的一级供应商】财联社10月12日电，铭利达在互动平台表示，公司目前是华为的一级供应商，由于华为涉及行业应用领域较多，目前公司与华为方面保持了密切的沟通和合作，未来具备良好发展前景的行业双方均有可能进行合作。,华为是铭利达的一级供应商吗？,是,否,无法确定,没有提及,
105,财联社7月14日电，有投资者问，公司为比亚迪（002594）供货吗？特别是铜质材料的产品，铜电线这种？铜冠铜箔在互动平台表示，公司主要从事各类高精度电子铜箔的研发、制造和销售等，主要产品按应用领域分类包括 PCB 铜箔和锂电池铜箔，在锂电池铜箔领域客户包括比亚迪（01211.HK）、宁德时代（300750）、国轩高科（002074）等。公司从事少量铜扁线相关产品的生产和销售。,比亚迪（002594）是公司的主要客户吗？,是的，比亚迪是公司的主要客户。,不是，比亚迪不是公司的主要客户。,无法确定，文中没有提到比亚迪的相关信息。,没有提及公司的主要客户,
106,"财联社3月8日电，海天味业（603288.SH）出现1笔大宗交易。成交价格为77.3元,成交金额为850.3万元。买方为中信证券股份有限公司总部(非营业场所)，卖方为中信证券华南股份有限公司广州江南大道证券营业部。无溢价",海天味业（603288.SH）这次大宗交易的买方是谁?,中信证券股份有限公司总部(非营业场所),中信证券华南股份有限公司广州江南大道证券营业部,其他机构或个人,没有提及买方的具体名称,
107,【美国第二大人造钻石生产商WDLabGrownDiamonds申请破产】财联社10月13日电，日前，美国第二大人造钻石生产商WDLabGrownDiamonds根据美国破产法第7章向特拉华州一家破产法庭申请破产保护。该公司表示，其总负债近4400万美元，总资产约为300万美元，估计债权人数量在100至199人之间。,WDLabGrownDiamonds的申请破产保护是因为什么原因?,公司总负债太高,公司总资产太低,债权人数量太多,没有相应的佐证日本旅游作价值,
108,财联社9月5日电，有投资者问，请问贵公司的在煤炭有色等矿产资源领域有哪些技术服务应用？万德斯在互动平台表示，公司在煤炭行业领域主要涉及煤炭行业生产废水零排放治理。煤炭行业生产废水普遍含有多种杂质，成分复杂且处置环境受限，处理难度大，依托公司的膜应用技术、高级氧化技术与蒸发-结晶分盐技术等，可以在满足废水的回用的同时，使废水中硫酸钠等二价盐与氯化钠的分离，实现盐的无害化与资源化回收。,万德斯在煤炭行业领域主要涉及哪方面的技术服务应用？,煤炭行业的安全生产管理,煤炭行业的矿山设计与规划,煤炭行业生产废水零排放治理,煤炭行业的新能源应用,
109,【美国纽约市金融相关岗位数量达逾20年来最高水平】财联社10月13日电，根据美国纽约州审计长ThomasP.DiNapoli周四发布的报告，截至2023年前8个月，纽约证券业平均提供19.51万个就业岗位，他将这种强劲表现归因于2021年创纪录的利润带来的招聘激增。纽约市的证券从业人员数量达20多年来最高水平，但银行业低迷引发的裁员可能会使其中更多人面临风险。,根据报告，纽约证券业岗位数量的增长主要归因于什么原因？,利润的增加,纽约市的人口增长,投资者对证券市场的需求增加,美国经济的复苏,
110,【外交部美大司司长会见“中美经济二轨对话”美方代表团一行】财联社10月12日电，外交部美大司司长杨涛应约会见美国前贸易代表、美中关系全国委员会名誉会长希尔斯和美中关系全国委员会会长欧伦斯率领的“中美经济二轨对话”美方代表团一行。,“中美经济二轨对话”美方代表团一行在中国会见的人是谁？,杨涛,希尔斯,欧伦斯,美国前贸易代表,
111,【美联储12家地区联储 银行（515290.SH；515290.OF）同意一项向公众提供信息的共同政策】财联社 3月25日电，美联储的12家地区联储银行同意了一项针对公众要求提供信息的共同政策，并计划在今年年底前实施这些政策。这12家地区联储银行在纽约联储发布的一份联合声明中表示：“联邦储备银行致力于透明度和问责制，每家地区联储银行都有向公众提供信息的现有程序。”,根据资讯内容，以下哪个描述是正确的？,美联储的12家地区联储银行已经开始向公众提供信息的共同政策。,美联储的12家地区联储银行还在讨论是否向公众提供信息的共同政策。,美联储的12家地区联储银行计划在明年年底前实施向公众提供信息的共同政策。,美联储的12家地区联储银行决定不向公众提供信息的共同政策。,
112,【美亚柏科：华为是公司的战略合作伙伴、供应商及客户】财联社10月12日电，美亚柏科在互动平台表示，华为是公司的战略合作伙伴、供应商及客户，公司围绕战略和业务，与产业链上下游的优秀企业保持着良好的合作关系。,美亚柏科与华为公司的合作关系是什么？,美亚柏科是华为的竞争对手,美亚柏科只是华为的供应商,美亚柏科与华为没有任何合作关系,美亚柏科是华为的战略合作伙伴、供应商及客户,
113,"""【法国巴黎 银行（515290.SH；515290.OF）：美元已经见顶一个多年下跌趋势已开始】财联社 1月10日电，法国巴黎银行分析师表示，美元已经见顶，“一个多年的看跌趋势已经开始”。SamLynton-Brown等策略师在2023年展望报告中写道，美元的下一个大动作将是下跌，而不是上涨。策略师们认为美元还有进一步温和走高的空间，“不过，涨势可能短暂且幅度较浅”。""",根据法国巴黎银行分析师的观点，关于美元走势的判断是什么？,美元将持续上涨,美元将进一步温和走高,美元将大幅下跌,美元将保持相对稳定,
114,【双鹭药业：减肥药周制剂预计明年上半年完成临床研究】财联社10月15日电，双鹭药业在互动平台表示，减肥药周制剂目前正在期临床入组随访中，预计11月份能完成所有受试者的入组工作，明年上半年完成临床研究。该产品主要用于二型糖尿病治疗，次要疗效指标为减轻体重。,双鹭药业的减肥药周制剂研究的预计完成时间是什么时候？,今年年底,明年年底,明年上半年,明年下半年,
115,"""财联社3月20日电，有投资者问，董秘磷矿价格处在高位，对磷酸和磷酸铁等产品利润有影响吗？ 贵公司目前生产销售是否满产满销？ 川恒股份（002895.SZ）在互动平台表示，投资者公司根据市场及其他因素适时提升现有磷酸铁产量。目前公司自产磷矿基本能满足后端产品生产所需，目前生产经营正常。""",以下哪项对川恒股份（002895.SZ）的生产销售情况描写正确？,董秘磷矿价格处在高位，对磷酸和磷酸铁等产品利润有影响。,川恒股份目前生产销售未满产满销。,川恒股份根据市场及其他因素适时提高磷酸铁产量。,目前川恒股份的生产经营并不正常。,
116,【俄罗斯总统与阿塞拜疆总统在吉尔吉斯斯坦举行会谈讨论纳卡局势】财联社10月12日电，俄罗斯总统普京与阿塞拜疆总统阿利耶夫当地时间12日在吉尔吉斯斯坦比什凯克举行会谈，双方主要谈论了纳戈尔诺-卡拉巴赫（纳卡地区）的局势,俄罗斯总统普京与阿塞拜疆总统阿利耶夫在吉尔吉斯斯坦举行会谈，主要谈论了哪个地区的局势问题?,塔吉克斯坦,吉尔吉斯斯坦,阿塞拜疆,纳戈尔诺-卡拉巴赫,
117,【南风股份：公司在手订单正在持续增加】财联社10月13日电，南风股份接受调研时表示，前期受日本福岛事故影响，国内核电站建设放缓，核电领域招标订单确有减少，而近年受益于国内核电重启等的推动，公司在手订单正在持续增加。,南风股份的订单情况是如何的?,受日本福岛事故影响，国内核电站建设放缓，订单减少,近年受益于国内核电重启等的推动，订单持续增加,南风股份的订单量保持稳定，没有明显变化,南风股份的订单呈现波动，有时增加有时减少,
118,【LME金属普跌收跌】财联社10月13日电，LME金属普跌收跌，LME期铜收跌33美元，报7991美元/吨；LME期铝收跌14美元，报2200美元/吨；LME期锌收跌27美元，报2450美元/吨；LME期铅收跌40美元，报2054美元/吨；LME期镍收涨357美元，报18728美元/吨；LME期锡收跌107美元，报24812美元/吨。,以下哪种金属在LME收涨？,铜,铝,锌,镍,
119,【华新环保：拟投资建设高价值贵金属及有色金属提取项目】财联社10月13日电，华新环保公告，拟在安徽铜陵郊区经济开发区境内投资建设“高价值贵金属及有色金属提取项目”，主要生产铜、金、银、镍、锡等产品，项目总投资8亿元人民币。,华新环保计划在安徽铜陵郊区经济开发区投资建设的项目主要生产哪些产品？,铁、锰、钨,铜、金、银、镍、锡,锌、铝、铁,镍、钢、铝,
120,【欧洲央行管委卡兹米尔：欧洲央行可能要过一年才会考虑降息】财联社10月14日电，欧洲央行管委卡兹米尔表示，欧洲央行可能要过一年才会考虑降息。不认为欧洲央行会在明年夏天之前改变货币政策。欧洲央行目前的重点是维持高利率水平。,根据欧洲央行管委卡兹米尔的表态，以下哪个说法是正确的？,欧洲央行将很快考虑降息,欧洲央行将在明年夏天之前改变货币政策,欧洲央行目前的重点是维持低利率水平,欧洲央行管委卡兹米尔建议立即降息,
121,【华为产业链持续走高欧菲光6连板】财联社10月13日电，华为产业链盘中持续走高，欧菲光6连板，维信诺、东旭光电涨停，麦捷科技、东田微涨超10%，卓翼科技、荣联科技、格林精密等多股涨超5%。消息面上，欧菲光摄像头模组进入华为手机Mate60系列供应链，并占绝大部分份额，为了保证订单生产稳定，欧菲光南昌工厂增加多条产线。,欧菲光目前所供应的摄像头模组主要用于哪款手机的生产？,华为手机Mate60系列,华为手机P40系列,小米手机11系列,苹果iPhone 12系列,
122,【普利制药：创新药注射用PL002收到美国IND受理】财联社10月15日电，普利制药公告，全资子公司浙江普利药业有限公司于近日收到了FDA签发的注射用PL002创新药临床试验申请（IND）的受理通知。PL002是浙江普利药业有限公司研发的荧光/磁共振双模态造影剂，开发荧光/磁共振双模态造影剂成为提高原发性肝癌手术效率的有效方案。,PL002是以下哪种药物?,普利制药的创新药注射剂,普利制药的口服药物,普利制药的外用药膏,普利制药的注射用造影剂,
123,【本周末北方多地气温将创立秋后新低】财联社10月13日电，未来几天，受冷空气影响和降水影响，多地气温下滑明显，局地降幅可达10摄氏度左右。降温后，青海、西藏多地最低气温则会逐渐降到0摄氏度以下。预计本周末，新一股较强冷空气将影响我国北方偏北地区，新疆北部、华北、东北等地将先后有4到5级偏北风，多地气温或将创下立秋后新低。,本周末北方多地气温将创立秋后新低的原因是什么？,受冷空气影响和降水影响,新疆北部有4到5级偏北风,多地气温下滑明显,青海、西藏多地最低气温逐渐降到0摄氏度以下,
124,【俄国防部：俄出动战机监视一接近俄领空的美军侦察机】财联社10月15日电，俄罗斯国防部当地时间15日通报称，一架美国空军的“全球鹰”无人侦察机当天在黑海水域上空接近俄领空，俄防空力量的一架苏-27战机起飞对其进行监视，避免了本国领空被侵犯。在此过程中，俄方战机严格遵守国际准则。“全球鹰”无人机发现俄方战机后，完成转向飞离邻近俄罗斯空中疆界的空域。,"根据俄罗斯国防部通报，以下哪种情况发生在美国空军的""全球鹰""无人侦察机接近俄领空时？","美国空军的战机起飞拦截""全球鹰""无人侦察机","俄罗斯的战机起飞拦截""全球鹰""无人侦察机","俄罗斯的战机起飞与""全球鹰""无人侦察机进行监视","全球鹰""无人侦察机不受到任何干扰，成功进入俄领空",
125,【珠海冠宇：公司为华为供应的产品包括手机电池、笔记本电池等】财联社10月13日电，珠海冠宇在互动平台表示，华为是公司重要客户，公司为华为供应的产品包括手机电池、笔记本电池等一系列产品。此外，公司也是荣耀、苹果、小米、OPPO、Vivo等厂商的主要供应商。,珠海冠宇为哪些厂商供应产品？,华为、荣耀、苹果、小米、OPPO、Vivo,华为、荣耀、苹果,华为、小米、OPPO、Vivo,荣耀、苹果、小米,
126,财联社2月17日电，有投资者问，从22年8月开始，二级市场增加了不少融券业务，累计3.63亿，很异常的表现，是否公司存在内幕交易？ 广州港（601228.SH）在互动平台表示，公司股票作为融资融券标的证券，投资者依法融资买入或融券卖出系正常的市场交易行为；不存在泄露内幕消息的情况，感谢您对 广州港（601228.SH） 的关注。,广州港（601228.SH）是否存在内幕交易？,是的，公司存在内幕交易,不存在内幕交易,无法确定是否存在内幕交易,融券业务的增加不足以说明存在内幕交易,
127,【汽车产业链个股继续活跃瑞鹄模具涨停创历史新高】财联社10月13日电，汽车产业链个股表现活跃，瑞鹄模具涨停创历史新高，天龙股份、圣龙股份此前涨停，赛力斯、众泰汽车、浙江仙通、宁波高发等多股涨超5%。消息面上，昨日商务部等9部门联合发布《关于推动汽车后市场高质量发展的指导意见》。,以下哪个个股在汽车产业链中涨停创历史新高?,瑞鹄模具,天龙股份,圣龙股份,赛力斯,
128,【台经济部门证实台积电获美一年出口管制“豁免”】财联社10月13日电，美国商务部正在更新“经验证终端用户”名单，对中国大陆半导体相关设备出口管制措施，三星电子等韩国厂商获“无限期延长豁免”，台湾地区芯片制造商台积电则获得为期一年的“豁免”。台经济部门负责人王美花今天（13日）对此证实。台积电与韩国厂商的豁免期出现明显差异，引发关注。,台积电获得美国出口管制的豁免期是多久？,半年,一年,两年,三年,
129,【商务部发布首批《国别贸易指南》：为开拓国际市场提供帮助】财联社10月15日电，在第134届广交会举办期间，商务部对外贸易司、商务部外贸发展局10月15日在广州正式发布2023年《国别贸易指南》。《指南》是商务部门首次编制，从宏观与微观，产业与贸易机遇与风险等多个维度进行介绍，帮助中国企业提升开拓国际市场的能力和水平。,商务部发布的《国别贸易指南》的目的是什么？,帮助中国企业提升开拓国际市场的能力和水平。,介绍宏观与微观、产业与贸易机遇与风险等多个维度。,开拓国际市场的帮助不止来自商务部。,商务部外贸发展局也发布了《国别贸易指南》,
130,财联社9月18日电，有投资者问，请问“公司与通辽市政府国网蒙东电力公司签署通辽绿电铝示范项目（扎铝二期）合作协议”这么重要的资讯，为什么上市公司没有公告？电投能源在互动平台表示，关于建设扎铝二期事宜，近年来一直在开展前期工作，本次协议签署是为了获得当地政府和电网支持，进一步推动相关前期工作。,关于通辽绿电铝示范项目（扎铝二期）的合作协议签署情况，上市公司为什么没有公告？,扎铝二期工作一直在开展前期工作，协议签署只是为了获得政府和电网支持,上市公司没有意识到这个合作协议的重要性,上市公司不希望公开这个合作协议的信息,上市公司正在考虑是否参与扎铝二期工作,
131,【韩国敲定2024年最低时薪为9860韩元同比上涨2.5%】财联社 7月19日电，据韩联社消息，韩国最低工资委员会 7月18日晚至19日召开第15次全体会议，敲定2024年最低时薪为9860韩元（约合人民币56元），较今年上涨2.5%。此次工资磋商耗时110天，自现行制度实施的2007年以来创下最长纪录。,韩国2024年最低时薪同比上涨情况是？,上涨0.5%,上涨1.5%,上涨2.5%,上涨3.5%,
132,【渝农商行：副行长及监事长因达到法定退休年龄辞任】财联社10月12日电，渝农商行公告，因达到法定退休年龄，王敏辞去本行副行长职务。王敏的辞任自10月12日起生效，辞任后王敏不再担任本行任何职务。因达到法定退休年龄，杨小涛辞去本行监事、监事长及监事会履职尽职监督委员会主任委员、提名委员会委员职务。杨小涛的辞任自10月12日起生效，辞任后杨小涛不再担任本行任何职务。,渝农商行副行长和监事长因何原因辞任？,工作压力过大,个人身体原因,达到法定退休年龄,涉嫌违法违纪行为,
133,【韩国检方以涉嫌腐败起诉韩国最大在野党党首李在明】财联社10月12日电，据韩联社报道，当天韩国首尔中央地方检察厅以涉嫌腐败起诉韩国最大在野党共同民主党党首李在明。当地时间10月6日，韩国法院对李在明涉贪腐渎职案进行第一次公审。今年3月，韩国检方以李在明涉嫌渎职、受贿等对李在明提起公诉。,韩国最大在野党共同民主党党首李在明为什么被起诉？,涉嫌腐败,涉嫌刑事犯罪,涉嫌违反党纪,涉嫌以权谋私,
134,【中科江南：近期在广州数交所进场挂牌了十个数据要素产品】财联社10月12日电，中科江南近期接受投资者调研时称，近期，公司在广州数交所进场挂牌了十个数据要素产品，涵盖政务、医保、会计电子凭证等诸多领域，覆盖数据要素的供给、流通、应用等各个环节，用数据要素全生命周期的服务能力，助力数据要素资源化、资产化。,中科江南近期在哪个交所进场挂牌了十个数据要素产品?,北京数交所,广州数交所,上海数交所,深圳数交所,
135,【华为汽车概念震荡走高模塑科技等多股涨停】财联社10月12日电，华为汽车概念盘中震荡走高，模塑科技、隆基机械、光洋股份、凯众股份涨停，西菱动力涨近10%，长安汽车大涨7%，早盘一度跌近8%的圣龙股份快速拉起，目前涨超4%。消息面上，10月11日，华为与长安合作的新车型阿维塔12在重庆量产下线，即将正式上市交付，今年第四季度，阿维塔12将在中国市场开启交付。,华为汽车概念股的涨停股中不包含哪一只股票？,模塑科技,隆基机械,光洋股份,圣龙股份,
136,【5.5G概念股震荡走强硕贝德20CM涨停】财联社10月13日电，5.5G概念股快速走强，硕贝德20CM涨停，通宇通讯涨停，大富科技、麦捷科技、灿勤科技、盛路通信、意华股份、信科移动等跟涨。消息面上，近日，在2023全球移动宽带论坛期间，华为发布了全球首个全系列5.5G产品解决方案。,5.5G概念股受到哪个公司发布的全系列5.5G产品解决方案的影响而走强?,硕贝德,通宇通讯,华为,盛路通信,
137,【华润三九：控股子公司抗疟药产品通过世卫组织预认证】财联社10月12日电，华润三九公告，近日，控股子公司昆药集团股份有限公司之全资子公司北京华方科泰医药有限公司的抗疟药双氢青蒿素磷酸哌喹片40mg/320mg通过世界卫生组织的预认证，被世界卫生组织列入国际组织及公立机构抗疟药采购范围。,华润三九的哪个子公司的抗疟药通过了世卫组织的预认证?,北京华方科泰医药有限公司,昆药集团股份有限公司,华润三九,世界卫生组织,
138,【塔里木盆地万亿方新气区进入全面开发阶段】财联社10月15日电，中国石油今天（15日）发布消息，我国最大超深凝析气田——塔里木油田博孜大北气田全面建成投产，标志着塔里木盆地新的万亿方大气区迈入规模开发新阶段，给西气东输安全平稳供气再添新保障。,塔里木盆地的新气区建设对西气东输有何意义？,塔里木盆地新气区建设将提高西气东输的供气量,塔里木盆地新气区建设将增加西气东输的供气稳定性,塔里木盆地新气区建设将减少西气东输的供气成本,塔里木盆地新气区建设对西气东输没有影响,
139,【沃尔核材：子公司深圳沃尔新能源生产的大功率液冷充电枪已形成小批量销售】财联社10月12日电，沃尔核材在互动平台表示，公司子公司深圳沃尔新能源生产的大功率液冷充电枪已形成小批量销售，且其参与起草的电动汽车传导充电连接装置系列国家标准（GB/T20234.1、GB/T20234.4）已于2023年9月发布。,沃尔核材子公司深圳沃尔新能源生产的哪种产品已形成小批量销售？,大功率液冷充电枪,电动汽车传导充电连接装置,充电宝,太阳能发电板,
140,【泰山石油：前三季度净利润同比预增166%-259%】财联社10月13日电，泰山石油发布业绩预告，预计前三季度净利润2000万元-2700万元，同比增长166%-259%。报告期内，受益于经济及旅游市场复苏，成品油经营量效提升，公司营业收入同比增长，经营业绩实现较大幅度增长。,泰山石油前三季度净利润增长的原因是什么？,经济和旅游市场复苏,成品油经营量效提升,公司营业收入同比增长,泰山石油的投资收益增加,
141,【证监会同意短纤等六个商品期权注册】财联社10月13日电，证监会同意郑州商品交易所短纤、纯碱、锰硅、硅铁、尿素、苹果期权注册。证监会将督促郑州商品交易所做好各项准备工作，确保上述期权品种的平稳推出和稳健运行。,以下哪个期权品种被证监会同意注册？,短纤,石油,大豆,铁矿石,
142,【深交所：对苏大维格有关“光刻机”误导性陈述启动纪律处分程序】财联社10月12日电，深交所公告，苏大维格在互动易平台对投资者提问的有关“光刻机”相关回复受到媒体和投资者广泛质疑，并引起公司股价大幅波动，涉嫌存在不真实、不准确、不完整情形及误导性陈述，市场影响恶劣，将对苏大维格及相关违规当事人启动纪律处分程序。,苏大维格为何受到深交所纪律处分程序？,存在不真实、不准确、不完整情形及误导性陈述,股价大幅波动,相关违规当事人存在市场影响恶劣,投资者对苏大维格的回复提出质疑,
143,【商务部：四季度将多措并举推动消费持续恢复扩大】财联社10月12日电，商务部新闻发言人何亚东表示，步入四季度，商务部将按照“消费提振年”的总体要求，多措并举，推动消费持续恢复扩大。加快推动促进汽车、家居、电子产品消费以及近日出台的推动汽车后市场高质量发展等各个措施落地见效，更好发挥消费对经济增长的基础性作用。,商务部加快推动消费恢复扩大的措施包括哪些？,促进汽车后市场高质量发展,加大对房地产行业的扶持力度,减少电子产品的生产和销售,推动农业产业的发展,
144,【教育板块持续活跃中公教育涨停】财联社10月12日电，教育板块延续昨日强势，中公教育涨停，学大教育、美吉姆涨超5%，昂立教育、创业黑马、中国高科等跟涨。消息面上，10月11日，网易有道宣布，搭载有道“子曰”教育大模型的全球首个虚拟人口语私教HiEcho正式推出独立App和微信小程序。此外，9月份，教育相关AI应用流量增长显著，GPTZero、Chegg等平台教育类中检测工具、题库访问量翻倍。,教育板块最近涨势强劲，以下哪家公司没有参与涨幅？,中公教育,学大教育,美吉姆,网易有道,
145,【万向钱潮：引进普星聚能作为优先光伏发电项目合作伙伴】财联社10月13日电，万向钱潮公告，公司引进普星聚能作为优先光伏发电项目合作伙伴，并支持普星聚能在公司区域内（包含下属公司）投资开发光伏发电项目，光伏发电项目装机容量在协议当年不高于25兆瓦（MWp)，总发电量不超于1300万度，往来交易额不超于1000万元。,万向钱潮公司引进普星聚能作为优先光伏发电项目合作伙伴的支持内容是什么？,光伏发电项目装机容量在协议当年不高于50兆瓦（MWp),光伏发电项目总发电量不超于1300万度,光伏发电项目装机容量在协议当年不低于25兆瓦（MWp),往来交易额不超于500万元,
146,【美联储理事Bowman：若通胀和就业市场持续火热美联储需要进一步加息】财联社 5月12日电，美联储理事MichelleBowman表示，如果美国价格压力没有降温，就业市场未显现放缓迹象，美联储可能需要进一步加息，并在一段时间内维持在较高水平。在本月早些时候的一次会议上，美联储将利率上调25个基点，至5%-5.25%，并暗示可能准备暂停紧缩周期。,根据资讯内容判断美联储的下一步决策是什么？,暂停紧缩周期,进一步加息,降低利率,维持当前利率水平,
147,【多氟多：拟将盈氟金和67%股权有偿划转至白银中天】财联社10月12日电，多氟多公告，公司将所持有盈氟金和67%的股权有偿划转至公司全资子公司白银中天，以增加对白银中天的投资。本次股权划转完成后，白银中天将持有盈氟金和67%的股权，多氟多不再直接持有盈氟金和股权。,多氟多将盈氟金和67%股权有偿划转至白银中天的原因是什么？,为了降低多氟多对盈氟金的投资风险,为了增加对白银中天的投资,为了减少多氟多的负债风险,为了增加多氟多对盈氟金的控制力,
148,【招商证券：年内降息概率不大降准或有一定空间】财联社10月15日电，招商证券首席宏观分析师张静静指出，未来可能降息的概率不一定会很大，毕竟经济已经在向好了。但就降准来讲的话，完全是要配合有没有流动性缺口，如果有的话或者说成本比较高，比如说MLF到期的规模比较大，这个时候可能会有，目前我们看有可能还有一定的降准的空间。,招商证券对未来降息和降准的观点是什么？,未来可能会大幅降息,未来不太可能降息,未来可能会有一定的降准空间,未来不太可能降准,
149,【江特电机：茜坑、梅家矿区的“探转采”工作均在正常推进中】财联社10月15日电，江特电机披露股票交易异常波动公告，截止本公告日，公司茜坑、梅家矿区的“探转采”工作均在正常推进中，进展顺利。上述两个矿区的“开发利用方案”目前已经分别通过了国家自然资源部、宜春市自然资源局组织的专家评审，接下来将进入到“矿山地质环境保护与土地复垦方案”的评审中，该程序完成后将进入采矿权证申请环节。,江特电机茜坑、梅家矿区的“探转采”工作是否正常推进?,正常推进,暂停推进,进展缓慢,未披露具体情况,
150,2023年10月13日，财联社电，海伦哲股东上海顶航慧恒企业咨询合伙企业(有限合伙)发布增持方案。上海顶航慧恒企业咨询合伙企业(有限合伙)拟于未来7月内增持不少于35000000股，本次增持计划未设定价格区间，上海顶航慧恒企业咨询合伙企业(有限合伙)将根据二级市场股价波动，逐步实施增持计划。,海伦哲股东上海顶航慧恒企业咨询合伙企业(有限合伙)发布增持方案，增持股数为多少？,35000000股,不少于35000000股,40000000股,未设定股数,
151,【深圳能源：获取汕尾红海湾六50万千瓦海上风电项目开发权】财联社10月13日电，深圳能源公告，近日，广东省发展和改革委员会下发了广东省2023年省管海域海上风电项目竞争配置结果，公司正式获取汕尾红海湾六50万千瓦海上风电项目开发权。项目位于广东省汕尾红海湾海域，场址离岸距离约45公里，规划装机容量50万千瓦。,深圳能源最近获得的海上风电项目是位于哪个海域？,汕尾红海湾,广东省海域,深圳海域,未提及,
152,【 温州宏丰：孙公司拟1.2亿元投建高端新型合金材料项目】财联社 6月28日电，温州宏丰公告，孙公司拟与浙江温州海洋经济发展示范区管理委员会签署投资协议书，投资建设“高端新型合金材料项目”，总投资1.2亿元，主要生产硬质合金材料。,温州宏丰公司的孙公司拟投资建设的项目是什么？,高端新型合金材料项目,硬质合金材料项目,浙江温州海洋经济发展示范区项目,温州宏丰公司的投资协议书,
153,【美联储10月11日当周贴现窗贷款余额小幅下降至25.8亿美元】财联社10月13日电，美联储10月11日当周贴现窗贷款余额25.8亿美元，之前一周27.7亿美元。10月11日当周银行定期融资贷款余额1089亿美元，之前一周1077亿美元。,美联储贴现窗贷款余额的变化情况是怎样的?,贴现窗贷款余额上升,贴现窗贷款余额下降,贴现窗贷款余额保持不变,文中没有提及贴现窗贷款余额的变化,
154,【华纬科技：稳定杆产能会在今年第四季度开始逐步释放】财联社10月12日电，华纬科技在机构调研时表示，稳定杆产能会在今年第四季度开始逐步释放，并且第二期设备已经开始投入，第三期场地已有规划，具体情况根据客户给的量纲实施。弹簧这块今年三四季度也会有部分产能释放。,华纬科技的稳定杆产能释放情况如何？,稳定杆产能不会在今年第四季度开始释放,稳定杆产能将在明年第一季度开始逐步释放,稳定杆产能将在明年第二季度开始逐步释放,稳定杆产能将在今年第四季度开始逐步释放,
155,【乌空军发言人：乌将向他国租用防空系统加强战时防卫】财联社10月15日电，乌克兰国家通讯社当地时间15日报道，乌克兰武装部队空军发言人伊格纳特（YuriyIgnat）在接受媒体采访时表示，乌克兰将通过向其他国家租用防空系统的方式，来加强战时防卫。伊格纳特强调，虽然租借来的防空系统可能会有些“过时”，但出于乌克兰防空需求考虑，租用相关设施很有必要。,乌克兰为什么要租用防空系统加强战时防卫?,乌克兰拥有完整的现代化防空系统,乌克兰的现有防空系统已经足够强大,乌克兰认为租用防空系统可以提高战时防御能力,乌克兰希望通过租用防空系统获取其他国家的军事技术,
156,【福特汽车：涨薪幅度已经达到经济极限】财联社10月13日电，在周三美国汽车工人联合会突然宣布在福特汽车最大工厂举行罢工后，美国汽车巨头在周三表示，目前公司提出的23%涨薪已经达到“经济极限”了。福特汽车内燃机业务主管KumarGalhotra在周四的简报会上表示，公司已经达到极限了，再往上加将损害我们投资业务的能力。,福特汽车提出的涨薪幅度是否已经达到经济极限？,是的，福特汽车提出的涨薪幅度已经达到经济极限。,不是，福特汽车可以进一步提高涨薪幅度。,不能确定，需要更多信息才能判断。,无法得知，资讯内容中未提及具体涨薪幅度。,
157,【乐鑫科技：公司并未出现向上游砍单的情况反而有加单】财联社9月27日电，有投资者提问乐鑫科技，最近听到有关公司向上游砍单的传闻，是否属实？乐鑫科技表示，该传闻不属实，公司并未出现向上游砍单的情况，反而有加单。,乐鑫科技目前是否出现向上游砍单的情况？,是，公司出现向上游砍单的情况,否，公司并未出现向上游砍单的情况,不确定，公司尚未公布相关信息,无法确定，需要进一步调查,
158,【普京：俄罗斯将继续大量出口小麦等粮食】财联社10月13日电，俄罗斯总统弗拉基米尔普京13日说，尽管西方国家对俄施加制裁，俄罗斯明年将继续大量出口粮食，有望保持全球头号小麦出口国的地位。普京当天出席独立国家联合体（独联体）国家元首理事会会议时说，俄罗斯去年收获1.58亿吨粮食，创历史最高值。今年，俄罗斯将再获粮食丰收，预计收成超过1.3亿吨。这意味着俄罗斯有相当大的出口潜力。,俄罗斯明年是否将继续保持全球头号小麦出口国的地位？,是的，尽管受到制裁，俄罗斯预计将再次获得丰收并大量出口粮食。,不，由于受到西方国家的制裁，俄罗斯将无法保持全球头号小麦出口国的地位。,不确定，尽管俄罗斯预计将有丰收，但西方国家的制裁可能会对出口造成影响。,无法确定，资讯中并未提及俄罗斯是否能保持全球头号小麦出口国的地位。,
159,【 三安光电：国家集成电路基金不再是公司持股5%以上的股东】财联社 7月26日电，三安光电公告，国家集成电路产业投资基金股份有限公司（大基金） 7月18日-26日累计减持公司股份4032.12万股，持股比例降至4.9999995%，不再是公司持股5%以上的股东。,国家集成电路基金是否仍然是三安光电的持股5%以上的股东？,是的,不是的,数据不足以判断,无法确定,
160,财联社7月18日电，有投资者问，请问董秘：贵公司！1，公司今年原材料价格比去年是下降了吗？与产品售价比下降幅度如何？3，产能下游需求能否到达预期？公司在手订单是否充足？硅宝科技在互动平台表示，公司主要原材料价格同比去年有所下降，产品售价根据成本加成结合市场情况等多种因素进行调整。公司目前生产经营情况良好，订单充足。感谢您对硅宝科技（300019.SZ）的关注。,硅宝科技的主要原材料价格同比去年是否有所下降？,有,没有,不确定,无法确定,
161,"""财联社2月8日电，有投资者问，请问公司在与百度合作的领域中有没有涉及人工智能语音回答或自动生成内容技术？请问公司在与字节跳动合作的领域中有没有涉及人工智能语音回答或自动生成内容技术？请问公司在与华为合作的领域中有没有涉及人工智能语音回答或自动生成内容技术？ 久其软件（002279.SZ）在互动平台表示，公司目前与百度、字节跳动、华为均未涉及上述合作。""",久其软件（002279.SZ）目前与以下哪家公司未涉及人工智能语音回答或自动生成内容技术的合作?,百度,字节跳动,华为,无法确定,
162,【中源协和：VUM02注射液药物获得临床试验批准通知书】财联社10月13日电，中源协和公告，全资子公司武汉光谷中源药业有限公司获得VUM02注射液药物临床试验批准通知书，开展临床分型为重型/危重型的新型冠状病毒感染的临床试验。,VUM02注射液药物获得的临床试验批准通知书主要是针对哪种新型冠状病毒感染的临床分型?,轻型,中型,重型/危重型,无法确定,
163,【长久物流：公司未来与链宇科技合作的项目有望根据实际情况使用与V2G技术相结合的超充产品】财联社10月13日电，长久物流在互动平台表示，公司合作方链宇科技可以提供超充桩产品，并已参与了冬奥会张家口综合能源示范项目。公司未来与其合作的光储充检放一体化项目有望根据实际情况使用与V2G技术相结合的超充产品。,长久物流未来合作项目中使用的超充产品是否与V2G技术相结合？,是的,不是的,没有提到,无法确定,
164,财联社5月25日电，有投资者问，贵司软件能否最大优化充电桩电流电量？超级软件工厂除了车载平台能否应用别的行业？光庭信息在互动平台表示，公司不涉及充电桩相关业务。公司打造的“超级软件工场”主要围绕数字化软件生产流程、基于人工智能的软件工程方法，使用 AI 技术进行软件开发、维护和操作的数据驱动的软件工程技术和工具等领域的研究开发。目前主要应用于公司所处的汽车电子软件行业。,光庭信息公司打造的“超级软件工场”能够优化充电桩电流电量吗？,能够优化充电桩电流电量,不能优化充电桩电流电量,只能优化车载平台的电流电量,无法确定是否能优化充电桩电流电量,
165,【万向钱潮：拟新设钱潮智造(芜湖)有限公司并注销芜湖分公司】财联社10月13日电，万向钱潮公告，根据公司战略发展规划和业务开展需要，为增强经营活力，提升管理效率，公司拟以自有资金新设钱潮智造(芜湖)有限公司，公司持有其100%股权；拟注销万向钱潮股份公司芜湖分公司(简称“芜湖分公司”)，芜湖分公司的资产转让给钱潮智造(芜湖)有限公司，业务及人员由钱潮智造(芜湖)有限公司承继。,万向钱潮计划拟注销芜湖分公司并新设钱潮智造(芜湖)有限公司，以下哪个选项是正确的？,钱潮智造(芜湖)有限公司将接管芜湖分公司的业务及人员,钱潮智造(芜湖)有限公司将注销芜湖分公司,世界上最大的钱潮智造公司将在芜湖建设新的智能工厂,芜湖分公司将成为钱潮智造(芜湖)有限公司的子公司,
166,【联合国巴勒斯坦难民机构将其行动中心和国际工作人员迁至加沙南部】财联社10月13日电，当地时间13日，联合国巴勒斯坦难民机构（UNRWA）在社交媒体平台账号上表示，已将其中央行动中心和国际工作人员迁至加沙地带南部地区，以继续其人道主义行动，并为其工作人员和巴勒斯坦难民提供支持。该组织同时敦促以方保护平民。,联合国巴勒斯坦难民机构的行动中心迁至哪个地区？,加沙南部地区,加沙北部地区,耶路撒冷地区,西岸地区,
167,【俄罗斯中央银行预计将很快推出相关规则以促进被冻结资产的交换】财联社10月12日电，俄罗斯中央银行行长埃尔薇拉纳比乌琳娜10月12日表示，俄罗斯中央银行预计在不久的将来出台相关规定，以促进涉及俄罗斯和外国投资者被冻结资产的相互交换。纳比乌琳娜补充说，俄罗斯中央银行准备研究解决俄罗斯投资者所持冻结资产,俄罗斯中央银行准备推出的规定旨在解决什么问题？,促进涉及俄罗斯和外国投资者的资产交换,解决俄罗斯投资者所持冻结资产的问题,加强俄罗斯中央银行的控制力,限制外国投资者对俄罗斯资产的交易,
168,【天奇股份：公司今年承接的赛力斯产线项目正在按计划执行中】财联社10月12日电，天奇股份在互动平台表示，公司今年承接的赛力斯产线项目正在按计划执行中。自2017年起合作至今，公司与赛力斯汽车已是多年良好业务合作伙伴，公司将持续为赛力斯提供优质的汽车整车装备制造相关产品及服务。,天奇股份今年承接的赛力斯产线项目的执行情况如何？,项目已经完成，赛力斯汽车全面运营,项目正在按计划进行中,项目延迟，赛力斯汽车计划中止合作,项目提前完成，赛力斯汽车推迟运营,
169,【国内商品期货收盘碳酸锂主力合约涨停】财联社10月12日电，国内商品期货收盘，涨多跌少。碳酸锂主力合约涨停，集运欧线涨超5%，NR涨超4%，橡胶、红枣等涨逾3%，BR橡胶、尿素涨超2%，SS、纸浆等涨超1%，乙二醇、豆粕等小幅上涨；液化气跌超2%，PTA、硅铁等跌超1%，鸡蛋、花生等小幅下跌。,以下哪种商品期货主力合约涨停？,碳酸锂,集运欧线,NR,橡胶,
170,【美国商务部公布新规允许三星和SK海力士向其中国工厂提供设备】财联社10月13日电，美国商务部工业与安全局（BIS）10月13日公布新规，更新对三星和SK海力士的一般授权，将两家公司在华工厂纳入“经验证最终用户”（VEUs）。被纳入该清单意味着，三星和SK海力士此后无需额外获得许可，即可向其在华工厂提供设备。,根据最新规定，允许以下哪家公司向其在中国工厂提供设备？,三星,苹果,华为,小米,
171,"""财联社3月7日电，有投资者问，董秘公司的核药和世卫组织说的核药是一个性质吗？公司核药可用于常人防核辐射用吗？ 东诚药业（002675.SZ）在互动平台表示，公司重点打造从诊断用核药到治疗用核药的全产业链体系，全面布局诊疗一体化和精准医疗。公司核素药物产品丰富，主要用于肿瘤、神经退行性疾病的诊断与治疗、类风湿性关节炎的治疗等。""",东诚药业（002675.SZ）主要生产的核药可用于以下哪种疾病的诊断与治疗？,感冒,肿瘤,高血压,心脏病,
172,【“认房不认贷”政策显效：9月北京新房、二手房成交量涨超三成】财联社10月12日电，9月份，北京“认房不认贷”政策发酵，促进购房需求释放。其中，新房市场在“金九”促销及供应力度增加背景下成交止降回升；二手房市场情绪升温明显，成交步伐加快，综合北京9月份数据看，新房、二手房成交套数均涨超三成。,北京市9月份房产市场的成交情况是怎样的？,新房市场成交量下降，二手房市场成交量增加,新房市场成交量增加，二手房市场成交量下降,新房市场成交量和二手房市场成交量均下降,新房市场成交量和二手房市场成交量均增加,
173,【三大指数集体高开】财联社10月12日电，沪指高开0.74%，深成指高开0.60%，创业板指高开0.58%，减肥药、证券II、银行等板块指数涨幅居前，5.5G、MLOps、电子车牌等板块指数跌幅居前。,今日三大指数的涨幅情况如何？,贵金属、医疗器械等板块指数涨幅居前,5G、人工智能等板块指数涨幅居前,减肥药、证券II、银行等板块指数涨幅居前,新能源汽车、生物医药等板块指数涨幅居前,
174,【雪天盐业：拟取消雪天技术吸收合并开门生活】财联社10月13日电，雪天盐业公告，开门生活作为落实公司《“十四五”数字化转型专项规划》的重要平台，考虑到公司业务发展需要及业务规划，经公司审慎考虑，拟取消雪天技术吸收合并开门生活。,雪天盐业计划取消和合并开门生活的原因是什么？,开门生活不符合公司的数字化转型规划,雪天盐业的业务发展需要取消和合并开门生活,雪天盐业考虑到开门生活的业务规划取消和合并,雪天盐业需要吸收开门生活的技术来提升自身发展,
175,【观典防务：公司研制的70公斤级无人机已按照国军标质量管理体系进入定型阶段】财联社10月12日电，观典防务近期在接受调研时表示，公司研制的70公斤级无人机已按照国军标质量管理体系进入定型阶段。该机型目前已有意向订单，但受相关行业中期调整，该产品暂未完成验收。,观典防务公司研制的70公斤级无人机处于哪个阶段？,研发阶段,生产阶段,定型阶段,验收阶段,
176,【雄韬股份：“一种船用燃料电池系统安装固定方法及装置”获发明专利】财联社10月12日电，雄韬股份公告，公司下属子公司于近日收到国家知识产权局颁发的1项专利证书，为一种船用燃料电池系统安装固定方法及装置。,雄韬股份获得的专利是关于什么的？,一种电池系统的安装方法及装置,一种船用燃料电池系统的安装方法及装置,一种固定方法及装置,一种船用电池系统的安装方法及装置,
177,【白酒板块异动拉升 老白干酒（600559.SH）涨6%再创历史新高】财联社 2月16日 电，午后白酒板块展开异动拉升，老白干酒涨6%继续创出历史新高，带动 酒鬼酒（000799.SZ）、 迎驾贡酒（603198.SH）、 伊力特（600197.SH）、 舍得酒业（600702.SH）等快速跟涨。,以下哪只酒股在白酒板块异动拉升中涨幅最大？,老白干酒（600559.SH）,酒鬼酒（000799.SZ）,迎驾贡酒（603198.SH）,伊力特（600197.SH）,
178,财联社6月28日电，有投资者问，请问，2021年5月完成对美国液态金属公司（Liquid Instruments）的收购，现在是否还是属于公司的？公司持有多少股份？可否回答一下？宜安科技在互动平台表示，公司不持有美国液态金属公司的股份，美国液态金属公司也不是公司的子公司。美国液态金属公司是时任董事长李扬德先生控制的香港液态金属有限公司增资入股的。,宜安科技对于美国液态金属公司的关系如何？,宜安科技持有美国液态金属公司的股份,美国液态金属公司是宜安科技的子公司,宜安科技是美国液态金属公司的控股公司,宜安科技与美国液态金属公司没有关联,
179,"""财联社1月19日电，有投资者问，您好董秘，根据贵公司2022年度预报，请问四季度发电量环比未发生大幅下降的情况下，公司四季度扣非归母净利环比三季度大幅下降甚至转亏的原因是什么？感谢？ 广宇发展（000537.SZ）在互动平台表示，公司2022年四季度扣非归母净利润环比下降，主要是因为发生的成本费用高于上季度。包括职工年终工资等人工成本需于年底结算，一定程度上对公司利润造成了影响。""",广宇发展（000537.SZ）为什么在2022年四季度扣非归母净利环比下降？,因为四季度发电量大幅下降,因为成本费用低于上季度,因为职工年终工资等人工成本高于上季度,因为公司业务扩张导致利润下降,
180,【华润水泥控股：预期前三季度股东应占盈利同比减59%至63%】财联社10月12日电，华润水泥控股发布公告，该集团预计今年前9个月公司拥有人应占盈利预期将同比减少59%至63%，主要原因为：期间内集团产品销售价格较2022年同期下降；期间内集团产品销量较2022年同期下降；及2022年同期处置一家附属公司取得一次性收益2.391亿港元。,华润水泥控股今年前9个月的盈利变动情况是怎样的？,盈利同比增长,盈利同比减少,盈利同比持平,盈利变动幅度无法确定,
181,【益方生物：合作方甲磺酸贝福替尼胶囊一线治疗适应症获药品注册证书】财联社10月12日电，益方生物公告，公司合作方贝达药业收到国家药监局签发的甲磺酸贝福替尼胶囊（赛美纳，简称“贝福替尼”）“适用于具有表皮生长因子受体（EGFR）外显子19缺失或外显子21（L858R）置换突变的局部晚期或转移性非小细胞肺癌（NSCLC）成人患者的一线治疗”适应症的《药品注册证书》。,甲磺酸贝福替尼胶囊的适应症是什么？,用于全身晚期非小细胞肺癌患者的一线治疗,用于EGFR突变的转移性肺癌患者的二线治疗,用于EGFR突变的局部晚期肺癌患者的一线治疗,用于EGFR突变的早期肺癌患者的辅助治疗,
182,【韩国执政党国民力量党宣布领导层决定集体辞职】财联社10月14日电，韩国执政党国民力量党首席发言人刘相凡10月14日发表书面公告表示，该党领导层决定集体辞职。书面公告指出：“为了党的稳定和更好的发展，党内领导层将全部辞职。”公告没有透露具体的辞职人员名单。,韩国执政党国民力量党领导层集体辞职的原因是什么？,领导层认为需要为党的稳定和发展做出调整,党内发生了丑闻，领导层被迫辞职,国民力量党在最近的选举中遭遇惨败，领导层感到责任重大,有消息称领导层集体辞职与党内权力斗争有关,
183,【华宇软件：与腾讯集团签订战略合作协议】财联社10月12日电，华宇软件公告，公司与深圳市腾讯计算机系统有限公司（简称“腾讯集团”）签订《战略合作协议》。双方将在数字政府、智慧政法、教育信息化、企业数字化领域开展深入合作。此次签订的协议为双方开展战略合作的框架性协议，协议框架下涉及的具体合作业务，由双方另行签订正式的合作协议。,华宇软件与腾讯集团签订战略合作协议的领域是什么？,互联网金融,数字政府,电子商务,娱乐产业,
184,【郭明𫓹：小米汽车首款预计将在2024年发售估计售价低于30万人民币】财联社10月13日电，郭明𫓹13日在X（原推特）上发文表示，小米汽车首款预计将在2024年发售，出货量预估5–6万部，关键卖点为自动驾驶、软体生态、800V快充与动力配置，估计售价低于30万人民币。若售价越接近25万甚至低于，则出货量应该有上修空间。,关于小米汽车首款的预测售价，以下哪个说法正确？,预计售价将低于20万人民币,预计售价将在30万人民币至40万人民币之间,预计售价将超过50万人民币,预计售价将低于30万人民币,
185,【大东南：前三季度净利润预亏350万元-500万元】财联社10月13日电，大东南公告，预计2023年前三季度净利润亏损350万元-500万元，上年同期盈利9832.58万元。前三季度净利润较上年同期由盈转亏且较半年度业绩由盈转亏的原因主要系报告期内市场竞争继续加剧，部分薄膜新产能持续投产，总产量增加，公司部分产品产销量同比减少，加之价格下跌，原材料与成品差价不明显，利润受到挤压。,大东南2023年前三季度净利润预亏的原因是什么？,市场竞争加剧,薄膜新产能投产,产品产销量减少,原材料与成品差价明显,
186,【益客食品：拟在肇庆市高要区投资兴建“粤港澳大湾区（高要）亿只高桂鸭全产业链项目”】财联社10月13日电，益客食品公告，公司与高要区政府、高要农业投资拟共同推动投资兴建“粤港澳大湾区（高要）亿只高桂鸭全产业链项目”并签订框架协议。,益客食品与高要区政府合作的项目是什么？,粤港澳大湾区（高要）亿只高桂鸭全产业链项目,粤港澳大湾区（高要）千只高桂鸸鹋全产业链项目,粤港澳大湾区（高要）万只高桂鸽子全产业链项目,粤港澳大湾区（高要）百只高桂鹌鹑全产业链项目,
187,【未来三天北方大部气温低于常年同期华南等地有高温天气】财联社 6月2日电，中央气象台预计，气温方面，预计未来三天，华南及四川南部、云南北部等地仍有高温天气。4日之后，云南到华南一带的高温将会有所减少，不过广东、广西、福建等地最高气温仍有33左右，部分地区可达35以上，最低气温也在25以上，加上湿度大，闷热感持续。,根据资讯内容判断，哪个地区最可能出现高温天气？,山东,湖北,四川南部,云南北部,
188,【海关总署：前三季度我国跨境电商进出口1.7万亿元增长14.4%】财联社10月13日电，海关总署新闻发言人吕大良表示，前三季度，我国跨境电商进出口1.7万亿元，增长14.4%。其中，出口1.3万亿元，增长17.7%；进口0.4万亿元，增长5.3%。,我国前三季度跨境电商进出口额增长情况如何?,增长14.4%,增长17.7%,增长5.3%,增长10.5%,
189,【国家铁路局：9月全国铁路旅客发送量约3.25亿人同比增长120.3%】财联社10月13日电，国家铁路局公布2023年9月份全国铁路主要指标完成情况。其中，9月全国铁路旅客发送量约3.25亿人，同比增长120.3%。铁路固定资产投资累计完成5089亿元，同比增长7.1%。,国家铁路局2023年9月全国铁路旅客发送量增长情况如何？,增长120.3%,增长100%,增长80%,增长150%,
190,"【美银策略师：若美债收益率保持在5%以下美股则可避免大幅跌势】财联社10月13日电，美国银行策略师MichaelHartnett表示，只要债券收益率保持在历史高点5%下方，那么美股就可以避免惨淡的前景。这位策略师是华尔街对股市持较浓看跌情绪的一位，他表示，在这种情况下，标普500指数短线可以继续保持在4,200点上方。",根据美银策略师Michael Hartnett的观点，以下哪个条件可以避免美股的大幅跌势？,债券收益率保持在历史高点5%以上,债券收益率保持在历史高点5%以下,债券收益率持续上升,债券收益率持续下降,
191,"""财联社2月8日电，有投资者问，请问公司To B端的业务占比多少？毛利有多少？ 涪陵榨菜（002507.SZ）在互动平台表示，公司于2022年开始配备餐饮渠道专业销售人员、布局经销商专项拓渠道工作，初步建立了公司餐饮渠道体系，公司目前To B端占比较小，加之消费情景变化、渠道间相互渗透，各渠道兼容性较强，真正流向C端或B端的量无法准确统计。我们专业布局开发之后，B端有望有所增长。""",涪陵榨菜公司的To B端业务占比如何？,占比较小,占比很大,占比无法准确统计,占比将会增长,
192,【汽车整车板块走高众泰汽车涨停】财联社10月12日电，汽车整车板块震荡走高，多只低位股大幅补涨，众泰汽车涨停，长城汽车、长安汽车、中通客车涨超5%，江铃汽车、江淮汽车、北汽蓝谷等快速跟涨。消息面上，乘联会数据显示，9月新能源乘用车批发销量达到82.9万辆，同比增长23.0%，环比增长4.2%。今年以来累计批发590.4万辆，同比增长36.0%。,乘联会数据显示的新能源乘用车销量增长情况表明了什么？,市场需求对新能源乘用车的增长贡献较大,全球范围内对环保交通方式的推动力度加大,众泰汽车是目前市场上销量最好的新能源车品牌,长城汽车、长安汽车等品牌因为技术创新带动了市场需求的增长,
193,【我国成功发射云海一号04星】财联社10月15日电，北京时间2023年10月15日08时54分，我国在酒泉卫星发射中心使用长征二号丁运载火箭，成功将云海一号04星发射升空，卫星顺利进入预定轨道，发射任务获得圆满成功。,我国成功发射的云海一号04星是使用哪种运载火箭发射的？,长征二号丁,长征二号甲,长征五号,长征七号,
194,【日本青森县以东附近海域发生4.6级地震】财联社10月14日电，据日本广播协会（NHK）报道，当地时间10月14日11时29分左右，日本青森县以东附近海域发生4.6级地震，最大震感为震度3，震源深度60公里。,日本青森县以东附近海域发生的地震的震感程度是多少？,震度2,震度3,震度4,震度5,
195,【阿富汗赫拉特省发生6.4级地震已致1死50伤】财联社10月15日电，阿富汗赫拉特省当地时间10月15日8时06分发生6.4级地震，震源深度10公里。这是阿富汗自10月7日以来发生的第四起6级以上地震，也是最强的一次。赫拉特省省长发言人内萨尔艾哈迈德埃利亚斯（NesarAhmadElyas）向中央广播电视总台记者证实，目前赫拉特地区医院已登记有1人死亡，50人受伤。,阿富汗赫拉特省发生的地震造成了什么后果？,无人员伤亡，仅造成财产损失,1人死亡，50人受伤,数十人死亡，上百人受伤,震源深度为10公里,
196,【耐普矿机：控股股东、实际控制人自愿承诺未来六个月不减持公司股份】财联社10月13日电，耐普矿机公告，近日收到公司控股股东、实际控制人郑昊先生出具的《关于自愿不减持公司股份的承诺函》，公司控股股东、实际控制人郑昊先生自愿承诺，自承诺函签署之日起6月内不减持其所持有的公司股份；在上述承诺期间内，承诺主体因公司发生资本公积转增股本、派送股票红利、配股、增发等事项取得的新增股份亦遵守上述承诺。,根据《关于自愿不减持公司股份的承诺函》，下列哪项陈述是正确的？,郑昊先生将在未来六个月内逐步减持其持有的公司股份,郑昊先生将在未来六个月内增持其持有的公司股份,郑昊先生将在未来六个月内不会变动其持有的公司股份,郑昊先生将在未来六个月内将其持有的公司股份全部减持,
197,【美国向地中海东部部署第二艘航母】财联社10月15日电，据美国媒体当地时间14日报道，美国派遣“艾森豪威尔”号航空母舰驶向地中海东部，这也是在巴以爆发新一轮大规模冲突后，美国向当地部署的第二艘航空母舰。此前美国已在巴以冲突爆发后立即部署“福特”号航母战斗群前往地中海东部，美国官员称此举意在威慑伊朗和黎巴嫩真主党。,美国驶向地中海东部部署第二艘航母的目的是什么？,保护巴以地区的和平稳定。,对抗伊朗和黎巴嫩真主党的威胁。,巩固美国在地中海的军事存在。,支持巴以冲突中的一方,
198,【今年天猫双11把“全网最低价”定为核心KPI】财联社10月14日电，记者获悉，今年淘天集团在天猫双11启动会上，把“全网最低价”定为核心目标，包括三大行业发展中心和用户、平台、直播等横向部门，都明确“全网最低价”为核心KPI。,天猫双11的核心KPI是什么？,用户满意度,营业额,全网最低价,直播销售额,
199,财联社7月20日电，有投资者问，特斯拉，可以用太阳能给新能源车充电了！公司太阳能家庭储能系统能否给新能源车充电？华宝新能在互动平台表示，公司即将推出的家庭光伏储能产品可支持接入充电桩为新能源车充电，同时，公司正在研发集成光储充一体化的智能户用绿能系统。,特斯拉新能源车充电方式是通过什么来进行的？,家庭光伏储能产品,充电桩,太阳能,智能户用绿能系统,
200,【三旺通信：公司的交换机产品主要为工业以太网交换机主要应用于智能制造等领域】财联社10月13日电，三旺通信在互动平台表示，公司生产的工业以太网交换机可以应用于算力中心建设，不同系列的交换机应用场景和定位有所差异，公司的交换机产品主要为工业以太网交换机，是在工业现场中起数据传输交换作用，适应工业严酷环境，实现可靠性、实时性、安全性要求的通信设备，主要应用于煤矿、智能制造、电网、工业控制等领域。,三旺通信的主要产品是什么？,算力中心建设交换机,工业以太网交换机,数据传输交换机,智能制造交换机,
201,【哪吒汽车与法国巴黎银行达成汽车金融战略性合作】财联社10月12日电，哪吒汽车与法国巴黎银行在上海签署了谅解备忘录，正式达成汽车金融战略性合作。根据谅解备忘录，合作领域将涉及个人金融、汽车保险和服务等诸多方面。,哪家银行与哪吒汽车达成汽车金融战略性合作？,中国银行,巴黎银行,上海银行,中国工商银行,
202,【美国购房负担能力降至历史新低按揭贷款利率飙升且房价高企】财联社10月13日电，由于住房按揭抵押贷款利率飙升且房价高企，美国购房负担能力8月份进一步恶化，创下历史新低。周五公布的数据显示，美国全国地产经纪商协会(NAR)的购房负担能力指数8月份降至91.7，创下1989年有数据以来的最低水平。该数据低于100，意味着中位数收入家庭的收入不足以申请中位数房价的按揭贷款。,美国购房负担能力降至历史新低的原因是什么？,美国全国地产经纪商协会(NAR)的购房负担能力指数降至91.7,美国的按揭抵押贷款利率飙升,美国的房价高企,中位数收入家庭的收入不足以申请中位数房价的按揭贷款,
203,【主力资金监控：欧菲光净买入超4亿元】财联社10月13日电，财联社星矿数据显示，今日早盘主力资金净流入电子、光学光电子、医药等板块，净流出电新行业、计算机、有色金属等板块，其中电新行业净流出超32亿元。个股方面，欧菲光涨停，主力资金净买入4.05亿元，万润科技、众生药业、中芯国际获主力资金净流入居前；宁德时代遭净卖出超6亿元，隆基绿能、浪潮信息、中国中免主力资金净流出额居前。,今日主力资金净买入额最高的个股是哪一只？,欧菲光,万润科技,众生药业,中芯国际,
204,【主力资金监控：赛力斯净买入超4亿元】财联社10月13日电，财联社星矿数据显示，今日主力资金净流入光学光电子、医药、电子等板块，净流出计算机、电新行业、食品饮料行业等板块，其中计算机板块净流出49.01亿元。个股方面，赛力斯涨停，主力资金净买入4.65亿元，欧菲光、万润科技、众生药业获主力资金净流入居前；宁德时代遭净卖出超7亿元，贵州茅台、昆仑万维、浪潮信息等主力资金净流出额居前。,今日主力资金净买入最多的个股是哪一只?,赛力斯,欧菲光,万润科技,众生药业,
205,【丽珠医药自主研发的仿制药艾拉戈利钠片临床试验申请获批】财联社10月13日电，丽珠医药公告，近日，公司全资子公司丽珠集团丽珠制药厂收到国家药品监督管理局核准签发的《药物临床试验批准通知书》，批准艾拉戈利钠片开展“评价艾拉戈利钠片治疗子宫内膜异位症中度至重度疼痛患者的疗效、安全性的多中心、随机、双盲、安慰剂平行对照期临床试验”。,丽珠医药自主研发的仿制药艾拉戈利钠片临床试验申请获批是用于评价什么病症的疗效和安全性的？,孕妇子宫内膜异位症的治疗效果和安全性,子宫内膜异位症轻度疼痛患者的疗效和安全性,子宫内膜异位症中度至重度疼痛患者的疗效和安全性,子宫内膜异位症的病因和疾病机制,
